0,1,1,9
0,1,1,10
0,2,1,10
0,2,1,11
0,2,1,16
0,3,1,11
0,3,1,19
0,14,1,9
0,14,1,16
0,6,2,11
0,9,2,1
0,9,2,2
0,9,2,11
0,10,2,19
0,10,2,20
0,11,2,1
0,11,2,2
0,11,2,3
0,11,2,4
0,12,2,20
0,13,2,2
0,13,2,11
0,14,2,2
0,16,2,1
0,16,2,15
1,9,0,1
1,9,0,14
1,10,0,1
1,10,0,2
1,11,0,2
1,11,0,3
1,16,0,2
1,16,0,14
1,19,0,3
1,4,3,5
1,8,3,4
1,8,3,10
1,12,3,4
1,12,3,10
1,12,3,14
1,13,3,4
1,13,3,5
1,13,3,17
1,14,3,3
1,14,3,4
1,14,3,10
2,1,0,9
2,1,0,11
2,1,0,16
2,2,0,9
2,2,0,11
2,2,0,13
2,2,0,14
2,3,0,11
2,4,0,11
2,11,0,6
2,11,0,9
2,11,0,13
2,15,0,16
2,19,0,10
2,20,0,10
2,20,0,12
2,5,6,2
2,6,6,2
2,6,6,3
2,7,6,1
2,7,6,2
2,7,6,15
2,7,6,20
2,8,6,1
2,8,6,20
2,9,6,1
2,9,6,2
2,9,6,3
2,16,6,15
2,3,7,12
2,3,7,14
2,4,7,14
2,5,7,12
2,5,7,13
2,5,7,14
2,6,7,4
2,6,7,13
2,9,7,4
2,14,7,12
3,3,1,14
3,4,1,8
3,4,1,12
3,4,1,13
3,4,1,14
3,5,1,4
3,5,1,13
3,10,1,8
3,10,1,12
3,10,1,14
3,14,1,12
3,17,1,13
3,1,8,1
3,1,8,2
3,1,8,15
3,1,8,20
3,2,8,1
3,2,8,3
3,2,8,4
3,3,8,2
3,3,8,15
3,3,8,20
3,10,8,2
3,11,8,3
3,12,8,3
3,12,8,4
3,18,8,15
3,1,9,11
3,1,9,19
3,2,9,10
3,2,9,11
3,2,9,19
3,11,9,19
3,11,9,20
3,12,9,10
3,12,9,11
3,12,9,19
3,12,9,20
4,1,5,8
4,1,5,9
4,1,5,11
4,2,5,8
4,2,5,9
4,2,5,16
4,3,5,19
4,13,5,9
4,14,5,9
4,14,5,11
4,14,5,16
4,6,10,11
4,10,10,20
4,11,10,1
4,11,10,2
4,11,10,11
4,12,10,1
4,12,10,15
4,12,10,19
4,12,10,20
4,13,10,2
4,13,10,11
4,14,10,2
4,16,10,1
4,16,10,15
5,8,4,1
5,8,4,2
5,9,4,1
5,9,4,2
5,9,4,13
5,9,4,14
5,11,4,1
5,11,4,14
5,16,4,2
5,16,4,14
5,19,4,3
5,2,6,12
5,2,6,19
5,3,6,12
5,3,6,19
5,4,6,8
5,4,6,10
5,4,6,12
5,13,6,10
5,4,11,16
5,10,11,9
5,10,11,15
5,12,11,15
5,12,11,20
5,13,11,13
5,13,11,15
5,13,11,16
5,14,11,9
5,14,11,15
6,1,2,7
6,1,2,8
6,1,2,9
6,2,2,5
6,2,2,6
6,2,2,7
6,2,2,9
6,3,2,6
6,3,2,9
6,15,2,7
6,15,2,16
6,20,2,7
6,20,2,8
6,8,5,4
6,10,5,4
6,10,5,13
6,12,5,2
6,12,5,3
6,12,5,4
6,19,5,2
6,19,5,3
6,2,7,13
6,3,7,3
6,3,7,4
6,4,7,1
6,4,7,2
6,4,7,3
6,4,7,4
6,13,7,3
6,14,7,3
6,9,11,1
6,9,11,2
6,10,11,15
6,10,11,16
6,11,11,1
6,11,11,2
6,11,11,3
6,11,11,4
6,12,11,16
6,13,11,2
6,14,11,2
6,16,11,1
6,16,11,13
7,4,2,6
7,4,2,9
7,12,2,3
7,12,2,5
7,12,2,14
7,13,2,5
7,13,2,6
7,14,2,3
7,14,2,4
7,14,2,5
7,1,6,4
7,2,6,4
7,3,6,3
7,3,6,4
7,3,6,13
7,3,6,14
7,4,6,3
7,4,6,4
7,13,6,2
7,9,8,19
7,10,8,8
7,10,8,11
7,10,8,12
7,10,8,19
7,11,8,9
7,11,8,10
7,11,8,11
7,11,8,12
7,11,8,16
7,15,8,12
7,19,8,9
7,19,8,10
7,19,8,11
7,20,8,10
7,20,8,11
7,2,12,10
7,10,12,4
7,10,12,20
7,11,12,1
7,11,12,4
7,11,12,20
7,19,12,1
7,19,12,4
7,19,12,19
7,19,12,20
7,20,12,10
7,20,12,17
7,20,12,19
7,20,12,20
8,1,3,1
8,1,3,2
8,2,3,1
8,2,3,3
8,2,3,10
8,3,3,2
8,3,3,11
8,3,3,12
8,4,3,2
8,4,3,12
8,15,3,1
8,15,3,3
8,15,3,18
8,20,3,1
8,20,3,3
8,8,7,10
8,9,7,11
8,9,7,19
8,10,7,11
8,10,7,19
8,10,7,20
8,11,7,10
8,11,7,11
8,11,7,19
8,11,7,20
8,12,7,10
8,12,7,11
8,12,7,15
8,16,7,11
8,19,7,9
8,19,7,10
8,1,9,11
8,1,9,19
8,3,9,10
8,3,9,11
8,3,9,19
8,3,9,20
8,4,9,10
8,4,9,11
8,4,9,16
8,14,9,16
8,6,12,11
8,8,12,4
8,9,12,1
8,9,12,2
8,9,12,4
8,9,12,11
8,10,12,1
8,10,12,4
8,10,12,17
8,10,12,19
8,10,12,20
8,11,12,4
8,11,12,19
8,11,12,20
8,12,12,4
8,12,12,20
8,13,12,2
8,13,12,11
8,16,12,1
8,16,12,17
9,10,3,2
9,10,3,12
9,11,3,1
9,11,3,2
9,11,3,12
9,19,3,1
9,19,3,2
9,19,3,11
9,19,3,12
9,20,3,11
9,20,3,12
9,10,8,3
9,10,8,4
9,11,8,1
9,11,8,3
9,11,8,4
9,16,8,4
9,16,8,14
9,19,8,1
9,19,8,3
9,20,8,3
9,3,13,4
9,4,13,1
9,4,13,4
9,8,13,6
9,9,13,6
9,12,13,5
9,12,13,12
9,12,13,19
9,13,13,5
9,13,13,6
9,13,13,15
9,14,13,5
9,14,13,6
9,14,13,19
9,14,13,20
10,1,4,11
10,1,4,12
10,1,4,16
10,2,4,11
10,2,4,13
10,2,4,14
10,11,4,6
10,11,4,11
10,11,4,13
10,15,4,12
10,15,4,16
10,19,4,12
10,20,4,10
10,20,4,12
10,6,16,9
10,7,16,6
10,7,16,8
10,8,16,3
10,8,16,4
10,8,16,6
10,8,16,8
10,9,16,3
10,9,16,6
10,3,17,10
10,3,17,12
10,3,17,14
10,4,17,14
10,5,17,10
10,5,17,12
10,5,17,13
10,5,17,14
10,6,17,3
10,6,17,4
10,6,17,13
10,7,17,4
10,14,17,12
11,9,5,10
11,9,5,14
11,13,5,13
11,15,5,10
11,15,5,12
11,15,5,13
11,15,5,14
11,16,5,4
11,16,5,13
11,20,5,12
11,1,6,9
11,1,6,11
11,1,6,16
11,2,6,9
11,2,6,11
11,2,6,13
11,2,6,14
11,3,6,11
11,4,6,11
11,13,6,16
11,15,6,10
11,16,6,10
11,16,6,12
11,5,18,2
11,6,18,1
11,6,18,2
11,6,18,15
11,7,18,1
11,7,18,20
11,8,18,1
11,8,18,20
11,10,18,2
11,10,18,3
11,14,18,15
11,19,18,1
11,19,18,7
11,4,19,1
11,5,19,1
11,5,19,19
11,5,19,20
11,6,19,19
11,10,19,8
11,10,19,19
11,10,19,20
12,1,7,11
12,1,7,19
12,4,7,10
12,4,7,11
12,4,7,19
12,10,7,2
12,10,7,20
12,17,7,20
12,19,7,19
12,19,7,20
12,20,7,10
12,20,7,11
12,20,7,19
12,20,7,20
12,1,8,9
12,1,8,10
12,1,8,16
12,2,8,9
12,2,8,13
12,4,8,8
12,4,8,9
12,4,8,10
12,4,8,11
12,4,8,12
12,11,8,6
12,11,8,9
12,11,8,13
12,17,8,10
12,17,8,16
12,19,8,10
12,19,8,11
12,20,8,10
12,20,8,11
12,20,8,12
12,5,20,2
12,5,20,3
12,6,20,2
12,6,20,3
12,6,20,4
12,7,20,1
12,7,20,2
12,7,20,15
12,7,20,20
12,8,20,1
12,8,20,20
12,9,20,1
12,9,20,2
12,9,20,3
12,9,20,4
12,16,20,15
12,3,21,2
12,3,21,20
12,5,21,19
12,5,21,20
12,6,21,8
12,6,21,19
12,6,21,20
12,7,21,19
12,9,21,8
12,9,21,19
13,1,9,4
13,4,9,3
13,4,9,4
13,5,9,12
13,5,9,13
13,5,9,14
13,6,9,8
13,6,9,9
13,6,9,13
13,6,9,14
13,12,9,12
13,15,9,13
13,19,9,12
13,19,9,14
13,20,9,14
13,7,22,2
13,7,22,3
13,8,22,2
13,8,22,3
13,8,22,4
13,9,22,1
13,9,22,2
13,9,22,15
13,9,22,20
13,10,22,1
13,10,22,2
13,10,22,3
13,10,22,4
13,16,22,15
13,20,22,15
13,20,22,20
13,2,23,14
13,3,23,12
13,3,23,14
13,7,23,12
13,7,23,13
13,7,23,14
13,8,23,4
13,8,23,13
13,10,23,4
13,14,23,12
14,1,15,19
14,2,15,19
14,2,15,20
14,3,15,8
14,3,15,9
14,3,15,16
14,4,15,8
14,4,15,9
14,4,15,11
14,13,15,9
14,14,15,9
14,14,15,11
14,14,15,16
14,6,24,11
14,8,24,9
14,9,24,1
14,9,24,9
14,9,24,11
14,10,24,9
14,10,24,19
14,10,24,20
14,11,24,1
14,11,24,2
14,11,24,8
14,12,24,9
14,12,24,20
14,13,24,11
14,16,24,1
14,16,24,15
15,8,14,3
15,8,14,4
15,9,14,3
15,9,14,4
15,9,14,13
15,9,14,14
15,11,14,4
15,11,14,14
15,16,14,3
15,16,14,14
15,19,14,1
15,19,14,2
15,20,14,2
15,2,16,4
15,2,16,5
15,3,16,3
15,3,16,4
15,3,16,5
15,4,16,5
15,4,16,7
15,13,16,2
15,13,16,7
15,4,25,20
15,10,25,10
15,10,25,19
15,12,25,12
15,12,25,19
15,13,25,15
15,13,25,19
15,13,25,20
15,14,25,10
15,14,25,19
16,3,10,8
16,3,10,9
16,4,10,8
16,6,10,7
16,6,10,8
16,6,10,9
16,8,10,7
16,8,10,8
16,9,10,6
16,2,15,13
16,3,15,3
16,4,15,2
16,4,15,3
16,5,15,2
16,5,15,3
16,5,15,4
16,7,15,4
16,7,15,13
16,8,17,4
16,9,17,3
16,9,17,4
16,10,17,1
16,10,17,2
16,10,17,3
16,19,17,1
16,19,17,3
16,19,17,5
16,1,25,1
16,1,25,2
16,1,25,11
16,2,25,1
16,2,25,15
16,2,25,19
16,2,25,20
16,5,25,20
16,7,25,19
16,7,25,20
16,13,25,1
16,13,25,15
16,15,25,2
16,15,25,11
16,16,25,2
16,20,25,11
17,3,10,6
17,4,10,6
17,4,10,7
17,10,10,3
17,10,10,5
17,12,10,3
17,12,10,5
17,12,10,14
17,13,10,5
17,13,10,6
17,14,10,3
17,14,10,4
17,14,10,5
17,1,16,10
17,1,16,19
17,2,16,10
17,3,16,9
17,3,16,10
17,3,16,19
17,4,16,8
17,4,16,9
17,5,16,19
17,8,18,8
17,8,18,9
17,8,18,10
17,9,18,9
17,9,18,10
17,9,18,19
17,11,18,9
17,11,18,19
17,15,18,10
17,19,18,11
17,8,26,4
17,8,26,18
17,19,26,1
17,19,26,4
17,19,26,17
17,19,26,18
17,20,26,15
17,20,26,17
17,20,26,18
18,1,11,6
18,1,11,7
18,1,11,8
18,1,11,19
18,2,11,5
18,2,11,6
18,2,11,10
18,3,11,10
18,7,11,19
18,15,11,6
18,15,11,14
18,20,11,7
18,20,11,8
18,8,17,8
18,9,17,8
18,9,17,9
18,9,17,11
18,10,17,8
18,10,17,9
18,10,17,15
18,11,17,19
18,19,17,9
18,19,17,11
18,1,19,19
18,2,19,19
18,2,19,20
18,3,19,8
18,3,19,9
18,3,19,16
18,4,19,8
18,4,19,9
18,4,19,10
18,4,19,11
18,13,19,9
18,14,19,9
18,14,19,16
18,6,26,9
18,8,26,4
18,10,26,4
18,10,26,18
18,11,26,1
18,11,26,4
18,11,26,9
18,12,26,1
18,12,26,2
18,13,26,2
18,13,26,9
18,16,26,1
18,16,26,15
19,1,11,4
19,1,11,5
19,8,11,10
19,19,11,5
19,19,11,6
19,19,11,10
19,20,11,5
19,20,11,10
19,8,18,3
19,8,18,4
19,9,18,3
19,9,18,4
19,9,18,13
19,9,18,14
19,10,18,4
19,11,18,4
19,16,18,3
19,16,18,14
19,19,18,1
19,19,18,2
19,20,18,2
19,2,20,12
19,2,20,19
19,3,20,8
19,3,20,11
19,3,20,12
19,3,20,19
19,4,20,9
19,4,20,10
19,4,20,11
19,4,20,12
19,4,20,16
19,13,20,10
19,13,20,11
19,3,27,4
19,3,27,20
19,4,27,1
19,4,27,4
19,4,27,20
19,10,27,10
19,12,27,12
19,12,27,19
19,13,27,15
19,13,27,19
19,13,27,20
19,14,27,10
19,14,27,19
20,1,12,7
20,1,12,8
20,1,12,9
20,2,12,5
20,2,12,6
20,2,12,7
20,2,12,9
20,3,12,5
20,3,12,6
20,3,12,9
20,4,12,6
20,4,12,9
20,15,12,7
20,15,12,16
20,20,12,7
20,20,12,8
20,8,19,3
20,9,19,4
20,10,19,4
20,10,19,13
20,11,19,3
20,11,19,4
20,11,19,13
20,12,19,2
20,12,19,3
20,12,19,4
20,16,19,4
20,19,19,2
20,19,19,3
20,1,21,19
20,2,21,19
20,2,21,20
20,3,21,8
20,3,21,19
20,3,21,20
20,4,21,8
20,4,21,9
20,4,21,16
20,13,21,9
20,14,21,9
20,14,21,16
20,6,27,11
20,8,27,4
20,9,27,1
20,9,27,4
20,9,27,11
20,10,27,1
20,10,27,4
20,10,27,15
20,10,27,19
20,10,27,20
20,11,27,4
20,11,27,19
20,11,27,20
20,12,27,4
20,12,27,20
20,13,27,11
20,16,27,1
20,16,27,15
21,2,12,3
21,8,12,6
21,8,12,9
21,19,12,5
21,19,12,6
21,19,12,7
21,19,12,9
21,20,12,3
21,20,12,5
21,20,12,6
21,8,20,3
21,8,20,4
21,9,20,4
21,9,20,13
21,9,20,14
21,16,20,4
21,16,20,14
21,19,20,1
21,19,20,2
21,19,20,3
21,20,20,2
21,20,20,3
21,1,22,9
21,1,22,19
21,2,22,9
21,3,22,9
21,3,22,10
21,3,22,19
21,4,22,8
21,4,22,9
21,4,22,10
21,4,28,4
21,4,28,20
21,10,28,10
21,12,28,12
21,12,28,19
21,13,28,15
21,13,28,19
21,13,28,20
21,14,28,10
21,14,28,19
22,1,13,9
22,1,13,10
22,2,13,7
22,2,13,8
22,2,13,9
22,2,13,10
22,3,13,7
22,3,13,8
22,3,13,10
22,4,13,8
22,4,13,10
22,15,13,9
22,15,13,16
22,15,13,20
22,20,13,9
22,20,13,20
22,8,21,4
22,9,21,1
22,9,21,2
22,9,21,3
22,9,21,4
22,10,21,3
22,10,21,4
22,19,21,1
22,19,21,3
22,2,23,13
22,3,23,4
22,3,23,13
22,4,23,2
22,4,23,3
22,4,23,4
22,13,23,3
22,14,23,2
22,14,23,3
22,6,28,11
22,8,28,4
22,10,28,4
22,10,28,20
22,11,28,1
22,11,28,4
22,11,28,11
22,12,28,1
22,12,28,2
22,12,28,3
22,13,28,11
22,16,28,1
22,16,28,15
23,4,13,8
23,4,13,10
23,12,13,3
23,12,13,7
23,12,13,14
23,13,13,7
23,13,13,8
23,14,13,2
23,14,13,3
23,14,13,7
23,2,22,4
23,2,22,14
23,3,22,4
23,3,22,13
23,3,22,14
23,4,22,3
23,4,22,4
23,13,22,2
23,13,22,3
23,1,29,9
23,1,29,10
23,11,29,5
23,19,29,4
23,19,29,5
23,20,29,4
23,20,29,9
23,20,29,19
24,1,14,9
24,1,14,11
24,1,14,16
24,2,14,11
24,8,14,11
24,9,14,8
24,9,14,9
24,9,14,10
24,9,14,12
24,11,14,6
24,11,14,9
24,11,14,13
24,15,14,16
24,19,14,10
24,20,14,10
24,20,14,12
24,3,32,1
24,3,32,2
24,3,32,15
24,3,32,20
24,4,32,1
24,4,32,20
24,5,32,1
24,5,32,2
24,5,32,3
24,6,32,2
24,16,32,15
24,2,33,14
24,3,33,4
24,5,33,3
24,5,33,4
24,6,33,12
24,6,33,13
24,6,33,14
24,7,33,8
24,7,33,13
24,7,33,14
24,8,33,8
24,8,33,12
24,8,33,14
24,14,33,12
25,10,15,10
25,10,15,14
25,12,15,12
25,15,15,13
25,19,15,10
25,19,15,12
25,19,15,13
25,19,15,14
25,20,15,4
25,20,15,13
25,1,16,1
25,1,16,2
25,1,16,13
25,2,16,1
25,2,16,15
25,2,16,16
25,11,16,1
25,11,16,15
25,11,16,20
25,15,16,2
25,15,16,13
25,19,16,2
25,19,16,7
25,20,16,2
25,20,16,5
25,20,16,7
25,5,34,2
25,6,34,2
25,6,34,3
25,7,34,1
25,7,34,2
25,7,34,13
25,8,34,1
25,8,34,18
25,9,34,1
25,9,34,18
25,16,34,13
25,3,35,1
25,5,35,1
25,5,35,19
25,5,35,20
25,6,35,8
25,6,35,19
25,6,35,20
25,7,35,19
26,1,17,19
26,4,17,8
26,4,17,19
26,15,17,20
26,17,17,19
26,17,17,20
26,18,17,8
26,18,17,19
26,18,17,20
26,1,18,11
26,1,18,12
26,1,18,16
26,2,18,12
26,2,18,13
26,4,18,8
26,4,18,10
26,4,18,11
26,9,18,6
26,9,18,11
26,9,18,13
26,15,18,16
26,18,18,10
26,5,36,1
26,5,36,3
26,6,36,1
26,6,36,2
26,6,36,3
26,7,36,3
26,7,36,4
26,7,36,5
26,7,36,19
26,8,36,1
26,8,36,2
26,8,36,3
26,8,36,4
26,20,36,5
26,3,37,1
26,3,37,20
26,5,37,1
26,5,37,19
26,5,37,20
26,6,37,8
26,6,37,19
26,6,37,20
26,7,37,19
26,8,37,8
26,8,37,19
27,1,19,4
27,4,19,3
27,4,19,4
27,10,19,10
27,10,19,14
27,12,19,12
27,15,19,13
27,19,19,12
27,19,19,13
27,19,19,14
27,20,19,3
27,20,19,4
27,20,19,13
27,1,20,9
27,1,20,10
27,1,20,16
27,4,20,8
27,4,20,9
27,4,20,10
27,4,20,11
27,4,20,12
27,11,20,6
27,11,20,9
27,11,20,13
27,15,20,10
27,15,20,16
27,19,20,10
27,19,20,11
27,20,20,10
27,20,20,11
27,20,20,12
27,5,38,3
27,6,38,3
27,6,38,4
27,7,38,1
27,7,38,2
27,7,38,15
27,7,38,20
27,8,38,2
27,8,38,20
27,9,38,1
27,9,38,3
27,9,38,4
27,16,38,15
27,2,39,14
27,3,39,10
27,3,39,12
27,3,39,14
27,5,39,10
27,5,39,12
27,5,39,13
27,5,39,14
27,6,39,4
27,6,39,13
27,9,39,4
27,14,39,12
28,4,21,4
28,10,21,10
28,10,21,14
28,12,21,12
28,15,21,13
28,19,21,12
28,19,21,13
28,19,21,14
28,20,21,4
28,20,21,13
28,1,22,11
28,1,22,12
28,1,22,16
28,2,22,12
28,3,22,12
28,4,22,8
28,4,22,10
28,4,22,11
28,11,22,6
28,11,22,11
28,11,22,13
28,15,22,16
28,20,22,10
28,5,40,3
28,6,40,3
28,6,40,4
28,7,40,1
28,7,40,2
28,7,40,15
28,7,40,20
28,8,40,2
28,8,40,20
28,9,40,1
28,9,40,3
28,9,40,4
28,16,40,15
28,3,41,1
28,5,41,1
28,5,41,19
28,5,41,20
28,6,41,8
28,6,41,19
28,6,41,20
28,7,41,19
28,9,41,8
28,9,41,19
29,4,23,19
29,4,23,20
29,5,23,11
29,5,23,19
29,9,23,1
29,9,23,20
29,10,23,1
29,19,23,20
29,1,42,5
29,1,42,19
29,1,42,20
29,2,42,17
29,2,42,19
29,2,42,20
29,3,42,5
29,11,42,20
29,12,42,17
29,12,42,20
29,2,43,4
29,7,43,12
29,7,43,14
29,8,43,14
29,11,43,12
29,11,43,13
29,11,43,14
29,12,43,4
29,12,43,13
29,16,43,12
30,1,31,8
30,1,31,9
30,1,31,11
30,2,31,8
30,2,31,9
30,2,31,16
30,3,31,19
30,13,31,9
30,14,31,9
30,14,31,11
30,14,31,16
30,6,44,13
30,8,44,4
30,9,44,1
30,9,44,4
30,9,44,13
30,10,44,4
30,10,44,5
30,11,44,1
30,11,44,2
30,11,44,3
30,12,44,4
30,13,44,13
30,16,44,1
30,16,44,17
31,8,30,1
31,8,30,2
31,9,30,1
31,9,30,2
31,9,30,13
31,9,30,14
31,11,30,1
31,11,30,14
31,16,30,2
31,16,30,14
31,19,30,3
31,2,32,9
31,2,32,19
31,3,32,8
31,3,32,9
31,3,32,10
31,3,32,19
31,4,32,10
31,4,32,11
31,4,32,12
31,4,32,16
31,13,32,12
31,3,45,20
31,4,45,1
31,4,45,20
31,10,45,10
31,10,45,19
31,12,45,10
31,12,45,12
31,12,45,19
31,13,45,15
31,13,45,19
31,13,45,20
31,14,45,9
31,14,45,10
31,14,45,19
32,1,24,3
32,1,24,4
32,1,24,5
32,2,24,3
32,2,24,5
32,2,24,6
32,3,24,5
32,15,24,3
32,15,24,16
32,20,24,3
32,20,24,4
32,8,31,3
32,9,31,2
32,9,31,3
32,10,31,3
32,10,31,4
32,11,31,4
32,12,31,4
32,12,31,13
32,16,31,4
32,19,31,2
32,19,31,3
32,1,33,4
32,2,33,4
32,2,33,13
32,3,33,3
32,3,33,4
32,4,33,1
32,4,33,2
32,4,33,3
32,6,45,11
32,10,45,20
32,11,45,1
32,11,45,2
32,11,45,3
32,11,45,11
32,12,45,1
32,12,45,15
32,12,45,19
32,12,45,20
32,13,45,2
32,13,45,3
32,13,45,11
32,14,45,2
32,16,45,1
32,16,45,15
33,3,24,5
33,4,24,3
33,4,24,5
33,8,24,7
33,8,24,8
33,12,24,6
33,12,24,8
33,12,24,14
33,13,24,6
33,13,24,7
33,14,24,2
33,14,24,6
33,14,24,7
33,14,24,8
33,1,32,4
33,2,32,4
33,3,32,3
33,3,32,4
33,4,32,1
33,4,32,2
33,4,32,3
33,13,32,2
33,9,34,17
33,9,34,20
33,10,34,8
33,10,34,17
33,10,34,19
33,10,34,20
33,11,34,9
33,11,34,10
33,11,34,14
33,11,34,19
33,15,34,19
33,19,34,9
33,19,34,10
33,20,34,10
33,2,46,10
33,10,46,20
33,11,46,1
33,11,46,20
33,19,46,1
33,19,46,19
33,19,46,20
33,20,46,10
33,20,46,17
33,20,46,19
33,20,46,20
34,1,25,7
34,1,25,8
34,1,25,9
34,2,25,5
34,2,25,6
34,2,25,7
34,3,25,6
34,13,25,7
34,13,25,16
34,18,25,8
34,18,25,9
34,8,33,10
34,9,33,11
34,9,33,19
34,10,33,11
34,10,33,19
34,10,33,20
34,14,33,11
34,17,33,9
34,17,33,10
34,19,33,10
34,19,33,11
34,19,33,15
34,20,33,9
34,20,33,10
34,1,35,19
34,2,35,19
34,2,35,20
34,3,35,8
34,3,35,9
34,3,35,16
34,4,35,8
34,4,35,9
34,4,35,10
34,4,35,11
34,11,35,9
34,12,35,9
34,12,35,16
34,6,46,11
34,9,46,1
34,9,46,2
34,9,46,6
34,9,46,11
34,10,46,1
34,10,46,17
34,10,46,19
34,10,46,20
34,11,46,2
34,11,46,6
34,11,46,11
34,12,46,2
34,14,46,1
34,14,46,17
34,19,46,20
35,1,25,3
35,1,25,5
35,8,25,6
35,19,25,5
35,19,25,6
35,19,25,7
35,20,25,5
35,20,25,6
35,8,34,3
35,8,34,4
35,9,34,3
35,9,34,4
35,9,34,11
35,9,34,12
35,10,34,4
35,11,34,4
35,16,34,3
35,16,34,12
35,19,34,1
35,19,34,2
35,20,34,2
35,2,36,8
35,2,36,9
35,3,36,8
35,3,36,9
35,3,36,10
35,3,36,14
35,4,36,6
35,4,36,7
35,4,36,9
35,4,36,10
35,13,36,7
35,13,36,10
35,3,47,20
35,4,47,1
35,4,47,20
35,10,47,10
35,12,47,12
35,12,47,19
35,13,47,15
35,13,47,19
35,13,47,20
35,14,47,10
35,14,47,19
36,1,26,5
36,1,26,6
36,1,26,8
36,2,26,6
36,2,26,8
36,3,26,5
36,3,26,6
36,3,26,7
36,3,26,8
36,4,26,7
36,4,26,8
36,5,26,7
36,5,26,20
36,19,26,7
36,6,35,4
36,7,35,4
36,7,35,13
36,8,35,2
36,8,35,3
36,9,35,2
36,9,35,3
36,9,35,4
36,10,35,3
36,10,35,4
36,10,35,13
36,14,35,3
36,1,37,8
36,1,37,19
36,1,37,20
36,2,37,8
36,2,37,9
36,2,37,16
36,3,37,19
36,3,37,20
36,4,37,19
36,15,37,9
36,16,37,9
36,16,37,16
36,20,37,16
36,6,47,1
36,6,47,2
36,6,47,3
36,6,47,11
36,7,47,1
36,7,47,15
36,7,47,19
36,7,47,20
36,9,47,20
36,10,47,19
36,10,47,20
36,12,47,11
36,15,47,2
36,15,47,3
36,15,47,11
36,16,47,2
37,1,26,3
37,1,26,5
37,8,26,6
37,8,26,8
37,19,26,5
37,19,26,6
37,19,26,7
37,19,26,8
37,20,26,3
37,20,26,5
37,20,26,6
37,8,36,1
37,8,36,2
37,9,36,2
37,9,36,15
37,9,36,16
37,16,36,2
37,16,36,16
37,16,36,20
37,19,36,1
37,19,36,3
37,19,36,4
37,20,36,1
37,20,36,3
37,2,38,9
37,2,38,19
37,3,38,9
37,3,38,10
37,3,38,19
37,4,38,8
37,4,38,9
37,4,38,10
37,13,38,12
37,4,48,4
37,4,48,20
37,10,48,10
37,12,48,12
37,12,48,19
37,13,48,15
37,13,48,19
37,13,48,20
37,14,48,10
37,14,48,19
38,1,27,7
38,1,27,9
38,2,27,7
38,2,27,8
38,3,27,5
38,3,27,6
38,3,27,9
38,4,27,6
38,4,27,9
38,15,27,7
38,15,27,16
38,20,27,7
38,20,27,8
38,8,37,4
38,9,37,2
38,9,37,3
38,9,37,4
38,10,37,3
38,10,37,4
38,12,37,13
38,19,37,2
38,19,37,3
38,3,39,4
38,3,39,13
38,4,39,3
38,4,39,4
38,13,39,3
38,14,39,3
38,6,48,11
38,8,48,4
38,10,48,4
38,10,48,20
38,11,48,1
38,11,48,2
38,11,48,4
38,11,48,11
38,12,48,1
38,12,48,4
38,12,48,15
38,12,48,19
38,12,48,20
38,13,48,2
38,13,48,11
38,16,48,1
38,16,48,15
39,4,27,6
39,4,27,9
39,10,27,3
39,10,27,5
39,12,27,3
39,12,27,5
39,12,27,14
39,13,27,5
39,13,27,6
39,14,27,2
39,14,27,3
39,14,27,5
39,3,38,4
39,3,38,13
39,3,38,14
39,4,38,3
39,4,38,4
39,13,38,3
39,8,40,8
39,8,40,9
39,8,40,10
39,9,40,9
39,9,40,10
39,9,40,19
39,11,40,9
39,11,40,19
39,15,40,10
39,19,40,11
39,8,49,20
39,19,49,1
39,19,49,19
39,19,49,20
39,20,49,17
39,20,49,19
39,20,49,20
40,1,28,7
40,1,28,9
40,2,28,7
40,2,28,8
40,3,28,5
40,3,28,6
40,3,28,9
40,4,28,6
40,4,28,9
40,15,28,7
40,15,28,16
40,20,28,7
40,20,28,8
40,8,39,8
40,9,39,8
40,9,39,9
40,9,39,11
40,10,39,8
40,10,39,9
40,10,39,15
40,11,39,19
40,19,39,9
40,19,39,11
40,1,41,19
40,3,41,8
40,3,41,19
40,3,41,20
40,4,41,8
40,4,41,9
40,4,41,11
40,4,41,16
40,13,41,9
40,14,41,9
40,14,41,11
40,14,41,16
40,6,49,11
40,10,49,20
40,11,49,1
40,11,49,2
40,11,49,11
40,12,49,1
40,12,49,2
40,12,49,3
40,12,49,10
40,13,49,2
40,13,49,11
40,14,49,2
40,16,49,1
40,16,49,17
41,1,28,3
41,1,28,5
41,8,28,6
41,8,28,9
41,19,28,5
41,19,28,6
41,19,28,7
41,19,28,9
41,20,28,5
41,20,28,6
41,8,40,3
41,8,40,4
41,9,40,4
41,9,40,13
41,9,40,14
41,11,40,4
41,11,40,14
41,16,40,4
41,16,40,14
41,19,40,1
41,19,40,3
41,20,40,3
41,2,42,6
41,2,42,10
41,3,42,6
41,3,42,9
41,3,42,10
41,4,42,8
41,4,42,9
41,4,42,11
41,4,42,12
41,13,42,12
41,3,50,4
41,3,50,20
41,4,50,1
41,4,50,4
41,4,50,20
41,10,50,10
41,10,50,19
41,12,50,10
41,12,50,13
41,12,50,19
41,13,50,15
41,13,50,19
41,13,50,20
41,14,50,9
41,14,50,10
41,14,50,19
42,5,29,1
42,5,29,3
42,17,29,2
42,17,29,12
42,19,29,1
42,19,29,2
42,20,29,1
42,20,29,2
42,20,29,11
42,20,29,12
42,6,41,2
42,6,41,3
42,8,41,4
42,9,41,3
42,9,41,4
42,10,41,2
42,10,41,3
42,11,41,4
42,12,41,4
42,12,41,13
42,1,43,3
42,2,43,3
42,14,43,1
42,14,43,4
42,14,43,5
42,17,43,3
42,17,43,4
42,18,43,1
42,18,43,2
42,18,43,3
42,18,43,4
42,20,43,13
42,1,50,12
42,8,50,1
42,8,50,15
42,9,50,4
42,9,50,20
42,11,50,1
42,11,50,4
42,11,50,12
42,12,50,1
42,12,50,4
42,12,50,15
42,12,50,19
42,12,50,20
42,16,50,12
43,4,29,2
43,4,29,12
43,12,29,7
43,12,29,11
43,12,29,16
43,13,29,11
43,13,29,12
43,14,29,7
43,14,29,8
43,14,29,11
43,1,42,14
43,1,42,18
43,2,42,18
43,3,42,1
43,3,42,2
43,3,42,17
43,3,42,18
43,4,42,14
43,4,42,17
43,4,42,18
43,5,42,14
43,13,42,20
43,1,51,6
43,2,51,6
43,2,51,7
43,8,51,4
43,19,51,1
43,19,51,4
43,19,51,5
43,20,51,5
43,20,51,6
43,20,51,7
43,20,51,19
44,1,30,9
44,1,30,11
44,1,30,16
44,2,30,11
44,3,30,11
44,4,30,8
44,4,30,9
44,4,30,10
44,4,30,12
44,5,30,10
44,13,30,6
44,13,30,9
44,13,30,13
44,17,30,16
44,2,52,14
44,3,52,10
44,3,52,12
44,3,52,14
44,10,52,4
44,11,52,10
44,11,52,12
44,11,52,13
44,11,52,14
44,12,52,4
44,12,52,13
44,16,52,12
45,1,31,4
45,9,31,14
45,10,31,10
45,10,31,12
45,10,31,14
45,12,31,12
45,15,31,13
45,19,31,10
45,19,31,12
45,19,31,13
45,19,31,14
45,20,31,3
45,20,31,4
45,20,31,13
45,1,32,11
45,1,32,12
45,1,32,16
45,2,32,11
45,2,32,13
45,2,32,14
45,3,32,11
45,3,32,13
45,11,32,6
45,11,32,11
45,11,32,13
45,15,32,12
45,15,32,16
45,19,32,12
45,20,32,10
45,20,32,12
45,5,53,2
45,6,53,2
45,6,53,3
45,7,53,1
45,7,53,2
45,7,53,15
45,7,53,20
45,8,53,1
45,8,53,2
45,8,53,3
45,9,53,15
45,9,53,20
45,16,53,15
45,4,54,2
45,4,54,20
45,5,54,19
45,5,54,20
45,6,54,10
45,6,54,11
45,6,54,19
45,6,54,20
45,7,54,11
45,7,54,19
45,8,54,10
45,8,54,11
45,8,54,19
46,1,33,11
46,1,33,19
46,10,33,2
46,10,33,20
46,17,33,20
46,19,33,19
46,19,33,20
46,20,33,10
46,20,33,11
46,20,33,19
46,20,33,20
46,1,34,9
46,1,34,10
46,1,34,14
46,2,34,9
46,2,34,11
46,2,34,12
46,6,34,9
46,6,34,11
46,11,34,6
46,11,34,9
46,11,34,11
46,17,34,10
46,17,34,14
46,19,34,10
46,20,34,10
46,20,34,19
46,3,55,3
46,7,55,1
46,7,55,2
46,7,55,15
46,8,55,1
46,8,55,2
46,8,55,20
46,9,55,2
46,9,55,20
46,16,55,15
46,3,56,19
46,3,56,20
46,4,56,1
46,4,56,20
46,5,56,1
46,5,56,20
46,7,56,19
47,1,35,4
47,10,35,10
47,10,35,14
47,12,35,12
47,15,35,13
47,19,35,12
47,19,35,13
47,19,35,14
47,20,35,3
47,20,35,4
47,20,35,13
47,1,36,6
47,1,36,7
47,2,36,6
47,2,36,15
47,2,36,16
47,3,36,6
47,3,36,15
47,11,36,6
47,11,36,12
47,11,36,15
47,15,36,7
47,19,36,7
47,19,36,10
47,20,36,7
47,20,36,9
47,20,36,10
47,5,57,3
47,6,57,3
47,6,57,4
47,7,57,1
47,7,57,2
47,7,57,15
47,7,57,20
47,8,57,2
47,8,57,20
47,9,57,1
47,9,57,3
47,9,57,4
47,16,57,15
47,4,58,8
47,4,58,13
47,5,58,8
47,5,58,12
47,5,58,13
47,5,58,14
47,6,58,4
47,6,58,14
47,9,58,4
47,14,58,12
48,4,37,4
48,10,37,10
48,10,37,14
48,12,37,12
48,15,37,13
48,19,37,12
48,19,37,13
48,19,37,14
48,20,37,4
48,20,37,13
48,1,38,11
48,1,38,12
48,1,38,16
48,2,38,11
48,2,38,13
48,4,38,8
48,4,38,10
48,4,38,11
48,4,38,12
48,11,38,6
48,11,38,11
48,11,38,13
48,15,38,12
48,15,38,16
48,19,38,12
48,20,38,10
48,20,38,12
48,5,59,2
48,5,59,3
48,6,59,2
48,6,59,3
48,6,59,4
48,7,59,1
48,7,59,2
48,7,59,15
48,8,59,1
48,8,59,20
48,9,59,1
48,9,59,20
48,16,59,15
48,3,60,1
48,3,60,20
48,5,60,1
48,5,60,19
48,5,60,20
48,6,60,10
48,6,60,11
48,6,60,19
48,6,60,20
48,7,60,11
48,7,60,19
49,1,39,19
49,17,39,20
49,19,39,19
49,19,39,20
49,20,39,8
49,20,39,19
49,20,39,20
49,1,40,11
49,1,40,12
49,1,40,16
49,2,40,11
49,2,40,12
49,2,40,13
49,2,40,14
49,3,40,12
49,10,40,12
49,11,40,6
49,11,40,11
49,11,40,13
49,17,40,16
49,20,40,10
49,4,61,20
49,5,61,17
49,5,61,20
49,6,61,19
49,6,61,20
49,7,61,5
49,7,61,19
49,8,61,5
49,3,62,14
49,4,62,10
49,4,62,12
49,4,62,13
49,4,62,14
49,5,62,3
49,5,62,4
49,5,62,13
49,6,62,4
49,10,62,10
49,10,62,12
49,10,62,14
49,14,62,12
50,1,41,4
50,4,41,3
50,4,41,4
50,9,41,14
50,10,41,10
50,10,41,12
50,10,41,14
50,13,41,12
50,15,41,13
50,19,41,10
50,19,41,12
50,19,41,13
50,19,41,14
50,20,41,3
50,20,41,4
50,20,41,13
50,1,42,8
50,1,42,11
50,1,42,12
50,4,42,9
50,4,42,11
50,4,42,12
50,12,42,1
50,12,42,11
50,12,42,16
50,15,42,8
50,15,42,12
50,19,42,12
50,20,42,9
50,20,42,12
50,6,63,9
50,7,63,7
50,7,63,8
50,7,63,13
50,8,63,7
50,8,63,9
50,8,63,16
50,9,63,8
50,9,63,13
50,10,63,8
50,16,63,13
50,5,64,19
50,5,64,20
50,6,64,8
50,6,64,19
50,6,64,20
50,7,64,19
50,8,64,8
50,8,64,19
51,1,43,19
51,4,43,8
51,4,43,19
51,5,43,19
51,5,43,20
51,6,43,1
51,6,43,2
51,6,43,20
51,7,43,2
51,7,43,20
51,19,43,20
51,8,65,8
51,8,65,9
51,8,65,13
51,9,65,6
51,9,65,9
51,10,65,7
51,10,65,8
51,10,65,9
51,10,65,16
51,11,65,8
51,12,65,7
51,12,65,8
51,18,65,13
51,2,66,12
51,3,66,10
51,3,66,12
51,10,66,4
51,11,66,10
51,11,66,11
51,11,66,12
51,12,66,4
51,12,66,11
51,16,66,10
52,4,44,10
52,4,44,12
52,10,44,3
52,10,44,11
52,12,44,3
52,12,44,11
52,12,44,16
52,13,44,11
52,13,44,12
52,14,44,2
52,14,44,3
52,14,44,11
52,8,53,8
52,8,53,9
52,8,53,10
52,9,53,9
52,9,53,10
52,9,53,19
52,11,53,9
52,11,53,19
52,15,53,10
52,19,53,11
52,19,53,12
52,20,53,12
52,1,67,6
52,1,67,7
52,8,67,4
52,19,67,1
52,19,67,4
52,19,67,5
52,20,67,5
52,20,67,6
52,20,67,7
52,20,67,19
53,1,45,7
53,1,45,8
53,2,45,5
53,2,45,6
53,2,45,7
53,2,45,8
53,3,45,6
53,3,45,8
53,15,45,7
53,15,45,9
53,15,45,16
53,20,45,7
53,20,45,9
53,8,52,8
53,9,52,8
53,9,52,9
53,9,52,11
53,10,52,8
53,10,52,9
53,10,52,15
53,11,52,19
53,12,52,19
53,12,52,20
53,19,52,9
53,19,52,11
53,1,54,11
53,1,54,19
53,2,54,11
53,2,54,19
53,2,54,20
53,3,54,10
53,3,54,11
53,3,54,16
53,4,54,8
53,4,54,9
53,4,54,10
53,14,54,16
53,6,67,13
53,8,67,4
53,10,67,4
53,11,67,1
53,11,67,2
53,11,67,4
53,11,67,13
53,12,67,1
53,12,67,4
53,12,67,5
53,12,67,19
53,13,67,2
53,13,67,13
53,16,67,1
53,16,67,19
54,2,45,4
54,10,45,6
54,10,45,8
54,11,45,6
54,11,45,7
54,11,45,8
54,19,45,5
54,19,45,6
54,19,45,7
54,19,45,8
54,20,45,4
54,20,45,5
54,20,45,6
54,8,53,4
54,9,53,4
54,10,53,3
54,10,53,4
54,11,53,1
54,11,53,2
54,11,53,3
54,16,53,3
54,16,53,14
54,19,53,1
54,19,53,2
54,20,53,2
54,1,55,19
54,3,55,8
54,3,55,11
54,3,55,12
54,3,55,19
54,4,55,9
54,4,55,10
54,4,55,11
54,4,55,12
54,4,55,16
54,13,55,10
54,13,55,11
54,3,68,4
54,3,68,20
54,4,68,1
54,4,68,4
54,4,68,20
54,12,68,10
54,12,68,12
54,12,68,19
54,13,68,15
54,13,68,19
54,13,68,20
54,14,68,9
54,14,68,10
54,14,68,19
55,1,46,7
55,1,46,8
55,2,46,7
55,2,46,8
55,2,46,9
55,3,46,3
55,15,46,7
55,15,46,16
55,20,46,8
55,20,46,9
55,8,54,3
55,9,54,4
55,10,54,4
55,10,54,13
55,11,54,3
55,11,54,4
55,11,54,13
55,12,54,3
55,12,54,4
55,16,54,4
55,19,54,1
55,19,54,3
55,1,56,19
55,3,56,17
55,3,56,19
55,3,56,20
55,4,56,9
55,4,56,14
55,4,56,17
55,4,56,18
55,13,56,18
55,14,56,9
55,14,56,14
55,14,56,18
55,6,68,11
55,8,68,4
55,9,68,1
55,9,68,2
55,9,68,4
55,9,68,11
55,10,68,1
55,10,68,4
55,10,68,15
55,10,68,19
55,10,68,20
55,11,68,4
55,11,68,19
55,11,68,20
55,12,68,4
55,12,68,20
55,13,68,2
55,13,68,11
55,16,68,1
55,16,68,15
56,1,46,4
56,1,46,5
56,19,46,3
56,19,46,7
56,20,46,3
56,20,46,4
56,20,46,5
56,9,55,4
56,9,55,14
56,14,55,4
56,14,55,14
56,17,55,3
56,17,55,4
56,18,55,4
56,18,55,13
56,18,55,14
56,19,55,1
56,19,55,3
56,20,55,3
56,2,57,12
56,2,57,19
56,3,57,8
56,3,57,10
56,3,57,12
56,3,57,19
56,4,57,9
56,4,57,10
56,4,57,12
56,4,57,16
56,11,57,10
56,3,69,4
56,3,69,16
56,4,69,2
56,4,69,4
56,4,69,16
56,8,69,9
56,8,69,15
56,10,69,15
56,10,69,20
56,11,69,13
56,11,69,15
56,11,69,16
56,12,69,9
56,12,69,15
57,1,47,7
57,1,47,9
57,2,47,7
57,2,47,8
57,3,47,5
57,3,47,6
57,3,47,9
57,4,47,6
57,4,47,9
57,15,47,7
57,15,47,16
57,20,47,7
57,20,47,8
57,8,56,3
57,9,56,4
57,10,56,3
57,10,56,4
57,10,56,11
57,12,56,2
57,12,56,3
57,12,56,4
57,16,56,4
57,19,56,2
57,19,56,3
57,3,58,4
57,3,58,14
57,4,58,2
57,4,58,3
57,4,58,4
57,13,58,3
57,14,58,2
57,14,58,3
57,8,69,4
57,9,69,2
57,9,69,4
57,10,69,4
57,10,69,15
57,10,69,16
57,11,69,1
57,11,69,2
57,11,69,3
57,12,69,4
57,12,69,16
57,16,69,2
57,16,69,13
58,4,47,6
58,4,47,9
58,8,47,4
58,8,47,5
58,12,47,5
58,12,47,14
58,13,47,4
58,13,47,5
58,14,47,5
58,14,47,6
58,2,57,4
58,2,57,14
58,3,57,4
58,3,57,13
58,3,57,14
58,4,57,3
58,4,57,4
58,14,57,3
58,9,59,9
58,9,59,19
58,10,59,9
58,10,59,10
58,10,59,19
58,11,59,8
58,11,59,9
58,11,59,10
58,15,59,10
58,19,59,11
58,1,70,10
58,1,70,19
58,11,70,4
58,11,70,20
58,19,70,1
58,19,70,4
58,19,70,19
58,19,70,20
58,20,70,17
58,20,70,19
58,20,70,20
59,1,48,7
59,1,48,8
59,1,48,9
59,2,48,5
59,2,48,6
59,2,48,7
59,3,48,5
59,3,48,6
59,4,48,6
59,15,48,7
59,15,48,16
59,20,48,8
59,20,48,9
59,8,58,11
59,9,58,9
59,9,58,10
59,9,58,11
59,10,58,10
59,10,58,11
59,10,58,15
59,11,58,19
59,19,58,9
59,19,58,10
59,1,60,11
59,1,60,19
59,2,60,11
59,2,60,19
59,2,60,20
59,3,60,10
59,3,60,11
59,3,60,19
59,3,60,20
59,4,60,10
59,4,60,11
59,4,60,16
59,14,60,16
59,6,70,11
59,8,70,4
59,10,70,4
59,10,70,20
59,11,70,1
59,11,70,4
59,11,70,11
59,12,70,1
59,12,70,2
59,12,70,3
59,13,70,11
59,16,70,1
59,16,70,17
60,1,48,3
60,1,48,5
60,10,48,6
60,11,48,6
60,11,48,7
60,19,48,5
60,19,48,6
60,19,48,7
60,20,48,3
60,20,48,5
60,20,48,6
60,10,59,3
60,10,59,4
60,11,59,1
60,11,59,2
60,11,59,3
60,11,59,4
60,16,59,4
60,16,59,14
60,19,59,1
60,19,59,2
60,19,59,3
60,20,59,2
60,20,59,3
60,2,61,6
60,2,61,10
60,3,61,6
60,3,61,9
60,3,61,10
60,4,61,8
60,4,61,9
60,4,61,11
60,4,61,12
60,13,61,11
60,3,71,20
60,4,71,1
60,4,71,20
60,12,71,10
60,12,71,13
60,12,71,19
60,13,71,15
60,13,71,19
60,13,71,20
60,14,71,9
60,14,71,10
60,14,71,19
61,5,49,7
61,5,49,8
61,17,49,5
61,19,49,6
61,19,49,7
61,20,49,4
61,20,49,5
61,20,49,6
61,6,60,2
61,6,60,3
61,8,60,4
61,9,60,3
61,9,60,4
61,10,60,2
61,10,60,3
61,11,60,4
61,11,60,13
61,12,60,4
61,14,62,1
61,14,62,3
61,14,62,5
61,17,62,3
61,17,62,4
61,18,62,1
61,18,62,2
61,18,62,3
61,19,62,4
61,20,62,4
61,20,62,13
61,1,71,2
61,1,71,12
61,2,71,2
61,8,71,1
61,8,71,15
61,9,71,20
61,11,71,1
61,11,71,15
61,11,71,19
61,11,71,20
61,12,71,1
61,12,71,2
61,12,71,12
61,16,71,12
62,3,49,5
62,4,49,5
62,4,49,6
62,10,49,4
62,10,49,10
62,12,49,4
62,12,49,10
62,12,49,14
62,13,49,4
62,13,49,5
62,14,49,3
62,14,49,4
62,14,49,10
62,1,61,14
62,1,61,18
62,2,61,18
62,3,61,14
62,3,61,17
62,3,61,18
62,4,61,17
62,4,61,19
62,4,61,20
62,5,61,14
62,13,61,20
62,8,63,3
62,8,63,4
62,9,63,3
62,9,63,4
62,9,63,5
62,9,63,6
62,11,63,4
62,11,63,5
62,16,63,3
62,16,63,5
62,16,63,12
62,19,63,2
62,8,72,20
62,19,72,1
62,19,72,19
62,19,72,20
62,20,72,17
62,20,72,19
62,20,72,20
63,7,50,7
63,7,50,8
63,8,50,7
63,8,50,9
63,8,50,10
63,9,50,6
63,9,50,8
63,13,50,7
63,13,50,9
63,13,50,16
63,16,50,8
63,2,62,19
63,3,62,8
63,3,62,9
63,3,62,16
63,4,62,8
63,4,62,9
63,4,62,11
63,5,62,9
63,5,62,11
63,5,62,16
63,6,62,9
63,12,62,16
63,7,64,19
63,9,64,8
63,9,64,9
63,9,64,15
63,10,64,8
63,10,64,9
63,10,64,11
63,11,64,15
63,16,64,8
63,19,64,9
63,19,64,11
63,19,64,15
63,20,64,9
63,1,72,1
63,1,72,2
63,1,72,3
63,2,72,1
63,2,72,2
63,2,72,12
63,3,72,20
63,15,72,12
63,19,72,2
63,20,72,2
63,20,72,3
63,20,72,12
64,8,50,6
64,8,50,8
64,19,50,5
64,19,50,6
64,19,50,7
64,19,50,8
64,20,50,5
64,20,50,6
64,8,63,9
64,8,63,10
64,8,63,16
64,9,63,9
64,9,63,10
64,9,63,19
64,9,63,20
64,11,63,10
64,11,63,19
64,15,63,9
64,15,63,11
64,15,63,19
64,19,63,7
64,1,65,4
64,2,65,4
64,3,65,3
64,3,65,4
64,3,65,5
64,3,65,6
64,4,65,3
64,4,65,4
64,4,73,20
64,10,73,10
64,10,73,19
64,12,73,10
64,12,73,13
64,12,73,19
64,13,73,17
64,13,73,19
64,13,73,20
64,14,73,9
64,14,73,10
64,14,73,19
65,6,51,9
65,7,51,10
65,7,51,12
65,8,51,8
65,8,51,10
65,8,51,11
65,8,51,12
65,9,51,8
65,9,51,9
65,9,51,10
65,13,51,8
65,13,51,18
65,16,51,10
65,3,64,3
65,3,64,4
65,4,64,1
65,4,64,2
65,4,64,3
65,4,64,4
65,5,64,3
65,6,64,3
65,7,66,3
65,7,66,4
65,8,66,11
65,10,66,2
65,10,66,3
65,10,66,4
65,16,66,4
65,19,66,2
65,19,66,3
65,20,66,3
65,1,73,1
65,1,73,2
65,1,73,3
65,1,73,4
65,2,73,1
65,2,73,2
65,2,73,12
65,3,73,20
65,15,73,12
65,19,73,2
65,20,73,2
65,20,73,12
66,4,51,10
66,4,51,12
66,10,51,3
66,10,51,11
66,10,51,16
66,11,51,11
66,11,51,12
66,12,51,2
66,12,51,3
66,12,51,11
66,2,65,10
66,2,65,19
66,3,65,7
66,3,65,10
66,3,65,19
66,3,65,20
66,4,65,7
66,4,65,10
66,4,65,16
66,11,65,8
66,1,74,3
66,1,74,5
66,17,74,10
66,19,74,5
66,19,74,6
66,19,74,10
66,20,74,3
66,20,74,5
66,20,74,10
67,1,52,19
67,4,52,8
67,4,52,19
67,5,52,19
67,5,52,20
67,6,52,1
67,6,52,20
67,7,52,1
67,7,52,20
67,19,52,20
67,1,53,11
67,1,53,12
67,1,53,16
67,2,53,11
67,2,53,13
67,4,53,8
67,4,53,10
67,4,53,11
67,4,53,12
67,5,53,12
67,13,53,6
67,13,53,11
67,13,53,13
67,19,53,12
67,19,53,16
67,3,75,2
67,3,75,20
67,8,75,11
67,8,75,19
67,10,75,10
67,10,75,11
67,10,75,19
67,11,75,19
67,11,75,20
67,12,75,10
67,12,75,11
67,12,75,19
67,12,75,20
68,1,54,4
68,4,54,3
68,4,54,4
68,9,54,14
68,10,54,12
68,10,54,14
68,12,54,12
68,15,54,13
68,19,54,12
68,19,54,13
68,19,54,14
68,20,54,3
68,20,54,4
68,20,54,13
68,1,55,9
68,1,55,10
68,1,55,16
68,2,55,9
68,2,55,13
68,4,55,8
68,4,55,9
68,4,55,10
68,4,55,11
68,4,55,12
68,11,55,6
68,11,55,9
68,11,55,13
68,15,55,10
68,15,55,16
68,19,55,10
68,19,55,11
68,20,55,10
68,20,55,11
68,20,55,12
68,5,76,3
68,6,76,3
68,6,76,4
68,7,76,1
68,7,76,2
68,7,76,15
68,7,76,20
68,8,76,1
68,8,76,3
68,8,76,4
68,9,76,2
68,9,76,15
68,9,76,20
68,10,76,2
68,16,76,15
68,3,77,10
68,3,77,14
68,5,77,10
68,5,77,12
68,5,77,13
68,5,77,14
68,6,77,4
68,6,77,13
68,8,77,4
68,14,77,12
69,2,56,4
69,4,56,3
69,4,56,4
69,9,56,8
69,9,56,12
69,13,56,11
69,15,56,8
69,15,56,10
69,15,56,11
69,15,56,12
69,16,56,3
69,16,56,4
69,16,56,11
69,20,56,10
69,1,57,11
69,2,57,9
69,2,57,11
69,2,57,16
69,3,57,11
69,4,57,8
69,4,57,9
69,4,57,10
69,4,57,12
69,13,57,16
69,15,57,10
69,16,57,10
69,16,57,12
69,5,78,2
69,5,78,3
69,6,78,1
69,6,78,2
69,6,78,15
69,7,78,1
69,7,78,20
69,8,78,1
69,8,78,20
69,10,78,2
69,10,78,3
69,10,78,4
69,14,78,15
69,19,78,1
69,19,78,7
69,3,79,1
69,5,79,1
69,5,79,19
69,5,79,20
69,6,79,11
69,6,79,19
69,10,79,10
69,10,79,11
69,10,79,19
69,10,79,20
70,1,58,19
70,4,58,11
70,4,58,19
70,10,58,1
70,17,58,20
70,19,58,1
70,19,58,19
70,19,58,20
70,20,58,11
70,20,58,19
70,20,58,20
70,1,59,11
70,1,59,12
70,1,59,16
70,2,59,12
70,3,59,12
70,4,59,8
70,4,59,10
70,4,59,11
70,11,59,6
70,11,59,11
70,11,59,13
70,17,59,16
70,20,59,10
70,5,80,19
70,6,80,17
70,6,80,19
70,7,80,19
70,7,80,20
70,8,80,5
70,8,80,20
70,9,80,5
70,2,81,14
70,3,81,12
70,3,81,14
70,5,81,12
70,5,81,13
70,5,81,14
70,6,81,3
70,6,81,4
70,6,81,13
70,7,81,4
70,14,81,12
71,1,60,4
71,9,60,14
71,10,60,12
71,10,60,14
71,13,60,12
71,15,60,13
71,19,60,12
71,19,60,13
71,19,60,14
71,20,60,3
71,20,60,4
71,20,60,13
71,1,61,8
71,1,61,11
71,1,61,12
71,2,61,1
71,2,61,2
71,2,61,12
71,12,61,1
71,12,61,12
71,12,61,16
71,15,61,8
71,15,61,11
71,19,61,11
71,20,61,9
71,20,61,11
71,5,82,8
71,6,82,7
71,6,82,8
71,7,82,8
71,7,82,9
71,7,82,13
71,8,82,5
71,8,82,6
71,8,82,9
71,9,82,13
71,16,82,13
71,3,83,1
71,5,83,1
71,5,83,19
71,5,83,20
71,6,83,8
71,6,83,19
71,6,83,20
71,7,83,19
72,1,62,19
72,17,62,20
72,19,62,19
72,19,62,20
72,20,62,8
72,20,62,19
72,20,62,20
72,1,63,1
72,1,63,2
72,2,63,1
72,2,63,2
72,2,63,19
72,2,63,20
72,3,63,1
72,3,63,20
72,12,63,2
72,12,63,15
72,12,63,20
72,20,63,3
72,5,84,8
72,6,84,7
72,6,84,8
72,7,84,8
72,7,84,9
72,7,84,13
72,8,84,7
72,8,84,8
72,8,84,9
72,8,84,16
72,9,84,13
72,16,84,13
72,4,85,10
72,4,85,14
72,5,85,12
72,5,85,13
72,5,85,14
72,6,85,3
72,6,85,4
72,6,85,13
72,7,85,4
72,8,85,3
72,8,85,4
72,14,85,12
73,9,64,14
73,10,64,10
73,10,64,12
73,10,64,14
73,13,64,12
73,17,64,13
73,19,64,10
73,19,64,12
73,19,64,13
73,19,64,14
73,20,64,4
73,20,64,13
73,1,65,1
73,1,65,2
73,2,65,1
73,2,65,2
73,2,65,19
73,2,65,20
73,3,65,1
73,4,65,1
73,12,65,2
73,12,65,15
73,12,65,20
73,20,65,3
73,5,86,8
73,5,86,10
73,6,86,7
73,6,86,8
73,6,86,10
73,7,86,9
73,7,86,10
73,7,86,13
73,8,86,7
73,8,86,8
73,8,86,9
73,8,86,10
73,8,86,16
73,9,86,13
73,16,86,13
73,3,87,12
73,3,87,14
73,4,87,14
73,5,87,12
73,5,87,13
73,5,87,14
73,6,87,3
73,6,87,4
73,6,87,13
73,7,87,4
73,8,87,3
73,8,87,4
73,14,87,12
74,3,66,1
74,3,66,20
74,5,66,1
74,5,66,19
74,5,66,20
74,6,66,19
74,10,66,17
74,10,66,19
74,10,66,20
74,1,88,8
74,1,88,9
74,1,88,13
74,2,88,5
74,2,88,6
74,2,88,9
74,4,88,6
74,4,88,9
74,11,88,8
74,13,88,13
74,15,88,8
74,16,88,7
74,16,88,8
74,1,89,19
74,8,89,1
74,11,89,20
74,15,89,1
74,15,89,19
74,15,89,20
74,16,89,8
74,16,89,19
74,16,89,20
75,2,67,3
75,10,67,10
75,10,67,12
75,11,67,8
75,11,67,10
75,11,67,12
75,19,67,8
75,19,67,10
75,19,67,11
75,19,67,12
75,20,67,3
75,20,67,11
75,20,67,12
75,1,76,19
75,3,76,8
75,3,76,10
75,3,76,12
75,3,76,19
75,4,76,9
75,4,76,10
75,4,76,12
75,4,76,16
75,13,76,10
75,3,90,10
75,4,90,6
75,4,90,10
75,12,90,4
75,12,90,5
75,12,90,19
75,13,90,5
75,13,90,10
75,14,90,3
75,14,90,4
75,14,90,5
76,1,68,7
76,1,68,8
76,2,68,7
76,2,68,9
76,2,68,10
76,3,68,5
76,3,68,6
76,3,68,8
76,4,68,6
76,4,68,8
76,15,68,7
76,15,68,9
76,15,68,16
76,20,68,7
76,20,68,9
76,8,75,3
76,9,75,4
76,10,75,3
76,10,75,4
76,10,75,13
76,12,75,3
76,12,75,4
76,16,75,4
76,19,75,1
76,19,75,3
76,3,77,4
76,3,77,13
76,4,77,2
76,4,77,3
76,4,77,4
76,13,77,3
76,14,77,2
76,14,77,3
76,6,90,18
76,9,90,6
76,9,90,7
76,9,90,18
76,10,90,5
76,10,90,10
76,11,90,6
76,11,90,7
76,11,90,8
76,12,90,10
76,13,90,7
76,13,90,8
76,13,90,18
76,14,90,7
76,16,90,6
77,4,68,6
77,4,68,8
77,10,68,3
77,10,68,5
77,12,68,5
77,12,68,14
77,13,68,5
77,13,68,6
77,14,68,3
77,14,68,5
77,2,76,4
77,2,76,14
77,3,76,4
77,3,76,13
77,3,76,14
77,4,76,3
77,4,76,4
77,13,76,3
77,8,78,8
77,8,78,11
77,8,78,12
77,9,78,12
77,9,78,19
77,11,78,12
77,11,78,19
77,15,78,12
77,19,78,9
77,19,78,10
77,19,78,11
77,20,78,10
77,20,78,11
77,1,91,10
77,1,91,19
77,8,91,20
77,19,91,1
77,19,91,19
77,19,91,20
77,20,91,17
77,20,91,19
77,20,91,20
78,1,69,6
78,1,69,7
78,1,69,8
78,1,69,19
78,2,69,5
78,2,69,6
78,2,69,10
78,3,69,5
78,3,69,10
78,4,69,10
78,7,69,19
78,15,69,6
78,15,69,14
78,20,69,7
78,20,69,8
78,8,77,8
78,9,77,19
78,10,77,19
78,10,77,20
78,11,77,8
78,11,77,19
78,11,77,20
78,12,77,8
78,12,77,9
78,12,77,11
78,12,77,15
78,19,77,9
78,19,77,11
78,1,79,11
78,1,79,19
78,2,79,11
78,2,79,19
78,2,79,20
78,3,79,10
78,3,79,11
78,3,79,19
78,3,79,20
78,4,79,10
78,4,79,11
78,4,79,16
78,14,79,16
78,6,91,11
78,9,91,1
78,9,91,2
78,9,91,11
78,10,91,1
78,10,91,17
78,10,91,19
78,10,91,20
78,11,91,19
78,11,91,20
78,12,91,20
78,13,91,2
78,13,91,11
78,14,91,2
78,16,91,1
78,16,91,17
79,1,69,3
79,1,69,5
79,10,69,10
79,11,69,6
79,11,69,10
79,19,69,5
79,19,69,6
79,19,69,10
79,20,69,5
79,20,69,10
79,10,78,3
79,10,78,4
79,11,78,1
79,11,78,2
79,11,78,3
79,11,78,4
79,16,78,4
79,16,78,14
79,19,78,1
79,19,78,2
79,19,78,3
79,20,78,2
79,20,78,3
79,2,80,6
79,2,80,10
79,3,80,6
79,3,80,9
79,3,80,10
79,4,80,9
79,4,80,10
79,13,80,11
79,4,92,20
79,12,92,9
79,12,92,13
79,12,92,19
79,13,92,15
79,13,92,19
79,13,92,20
79,14,92,8
79,14,92,9
79,14,92,19
80,5,70,8
80,5,70,9
80,17,70,6
80,19,70,5
80,19,70,6
80,19,70,7
80,20,70,7
80,20,70,8
80,6,79,2
80,6,79,3
80,9,79,3
80,9,79,4
80,10,79,2
80,10,79,3
80,10,79,4
80,11,79,13
80,14,81,1
80,14,81,3
80,14,81,5
80,17,81,3
80,17,81,4
80,18,81,1
80,18,81,2
80,18,81,3
80,19,81,4
80,19,81,13
80,20,81,4
80,1,92,2
80,1,92,12
80,2,92,2
80,8,92,1
80,8,92,15
80,9,92,20
80,11,92,1
80,11,92,15
80,11,92,19
80,11,92,20
80,12,92,1
80,12,92,2
80,12,92,12
80,16,92,12
81,3,70,6
81,4,70,6
81,4,70,7
81,12,70,3
81,12,70,5
81,12,70,14
81,13,70,5
81,13,70,6
81,14,70,2
81,14,70,3
81,14,70,5
81,1,80,14
81,1,80,18
81,2,80,18
81,3,80,14
81,3,80,17
81,3,80,18
81,4,80,17
81,4,80,19
81,4,80,20
81,5,80,14
81,13,80,19
81,10,82,3
81,10,82,4
81,11,82,2
81,11,82,3
81,11,82,4
81,16,82,4
81,16,82,5
81,16,82,12
81,19,82,2
81,19,82,3
81,20,82,3
81,2,93,10
81,10,93,4
81,10,93,20
81,11,93,1
81,11,93,4
81,11,93,20
81,19,93,1
81,19,93,4
81,19,93,19
81,19,93,20
81,20,93,10
81,20,93,17
81,20,93,19
81,20,93,20
82,5,71,8
82,6,71,8
82,7,71,6
82,8,71,5
82,8,71,6
82,8,71,7
82,9,71,7
82,9,71,8
82,13,71,7
82,13,71,9
82,13,71,16
82,2,81,11
82,2,81,19
82,3,81,10
82,3,81,11
82,3,81,19
82,3,81,20
82,4,81,10
82,4,81,11
82,4,81,16
82,5,81,16
82,12,81,16
82,7,83,8
82,7,83,9
82,7,83,15
82,8,83,19
82,8,83,20
82,9,83,19
82,10,83,8
82,10,83,9
82,10,83,11
82,11,83,15
82,16,83,8
82,19,83,9
82,19,83,11
82,19,83,15
82,20,83,9
82,1,93,1
82,1,93,2
82,2,93,1
82,2,93,4
82,2,93,12
82,3,93,4
82,3,93,19
82,3,93,20
82,4,93,4
82,4,93,20
82,15,93,12
82,20,93,2
82,20,93,12
83,1,71,3
83,1,71,5
83,8,71,6
83,19,71,5
83,19,71,6
83,19,71,7
83,20,71,5
83,20,71,6
83,8,82,7
83,8,82,10
83,8,82,16
83,9,82,7
83,9,82,10
83,9,82,19
83,9,82,20
83,11,82,10
83,11,82,19
83,15,82,7
83,15,82,11
83,15,82,19
83,19,82,8
83,19,82,9
83,20,82,8
83,2,84,4
83,2,84,5
83,3,84,4
83,3,84,5
83,3,84,6
83,4,84,3
83,4,84,4
83,13,84,3
83,4,94,4
83,4,94,20
83,10,94,10
83,10,94,19
83,12,94,10
83,12,94,13
83,12,94,19
83,13,94,17
83,13,94,19
83,13,94,20
83,14,94,9
83,14,94,10
83,14,94,19
84,7,72,6
84,7,72,8
84,8,72,5
84,8,72,6
84,8,72,7
84,8,72,8
84,9,72,7
84,9,72,8
84,13,72,7
84,13,72,9
84,13,72,16
84,16,72,8
84,3,83,4
84,3,83,13
84,4,83,2
84,4,83,3
84,4,83,4
84,5,83,2
84,5,83,3
84,6,83,3
84,7,85,3
84,7,85,4
84,8,85,4
84,8,85,13
84,9,85,4
84,10,85,2
84,10,85,3
84,16,85,3
84,19,85,2
84,1,94,1
84,1,94,2
84,2,94,1
84,2,94,4
84,2,94,12
84,3,94,4
84,3,94,19
84,3,94,20
84,4,94,4
84,4,94,20
84,15,94,12
84,20,94,2
84,20,94,12
85,3,72,6
85,3,72,8
85,4,72,6
85,4,72,7
85,4,72,8
85,10,72,4
85,12,72,5
85,12,72,14
85,13,72,5
85,13,72,6
85,14,72,4
85,14,72,5
85,2,84,10
85,2,84,19
85,3,84,7
85,3,84,10
85,3,84,16
85,4,84,7
85,4,84,8
85,4,84,9
85,13,84,8
85,8,86,3
85,8,86,4
85,9,86,4
85,9,86,5
85,9,86,6
85,16,86,4
85,16,86,5
85,16,86,12
85,19,86,1
85,19,86,2
85,19,86,3
85,20,86,1
85,20,86,3
85,1,95,10
85,1,95,19
85,8,95,20
85,19,95,1
85,19,95,19
85,19,95,20
85,20,95,15
85,20,95,19
85,20,95,20
86,7,73,6
86,7,73,8
86,8,73,5
86,8,73,6
86,8,73,8
86,9,73,7
86,9,73,8
86,10,73,5
86,10,73,6
86,10,73,7
86,10,73,8
86,13,73,7
86,13,73,9
86,13,73,16
86,16,73,8
86,1,85,19
86,1,85,20
86,2,85,19
86,3,85,8
86,3,85,19
86,3,85,20
86,4,85,8
86,4,85,9
86,4,85,16
86,5,85,9
86,5,85,16
86,6,85,9
86,12,85,16
86,7,87,3
86,7,87,4
86,8,87,3
86,8,87,4
86,8,87,13
86,9,87,4
86,10,87,4
86,10,87,13
86,16,87,3
86,1,95,1
86,1,95,15
86,1,95,19
86,1,95,20
86,2,95,1
86,2,95,2
86,2,95,3
86,2,95,12
86,3,95,19
86,3,95,20
86,4,95,20
86,15,95,12
86,19,95,2
86,20,95,2
86,20,95,3
86,20,95,12
87,3,73,6
87,3,73,8
87,4,73,6
87,4,73,7
87,4,73,8
87,12,73,3
87,12,73,5
87,12,73,14
87,13,73,5
87,13,73,6
87,14,73,3
87,14,73,4
87,14,73,5
87,3,86,7
87,3,86,8
87,3,86,16
87,4,86,7
87,4,86,8
87,4,86,9
87,4,86,10
87,13,86,8
87,13,86,10
87,8,88,4
87,9,88,4
87,10,88,1
87,10,88,4
87,11,88,1
87,11,88,2
87,11,88,3
87,16,88,1
87,16,88,5
87,16,88,12
87,19,88,2
87,19,88,3
87,20,88,2
87,2,96,10
87,10,96,20
87,11,96,1
87,11,96,20
87,19,96,1
87,19,96,19
87,19,96,20
87,20,96,10
87,20,96,17
87,20,96,19
87,20,96,20
88,5,74,2
88,6,74,2
88,6,74,4
88,7,74,16
88,8,74,1
88,8,74,11
88,8,74,15
88,8,74,16
88,9,74,1
88,9,74,2
88,9,74,4
88,13,74,1
88,13,74,13
88,1,87,10
88,1,87,11
88,1,87,16
88,2,87,11
88,2,87,19
88,2,87,20
88,3,87,11
88,3,87,19
88,4,87,8
88,4,87,9
88,4,87,10
88,5,87,16
88,12,87,16
88,7,89,8
88,7,89,9
88,7,89,15
88,8,89,19
88,8,89,20
88,9,89,19
88,10,89,8
88,10,89,9
88,10,89,11
88,11,89,15
88,16,89,8
88,19,89,9
88,19,89,11
88,19,89,15
88,20,89,9
88,1,96,20
88,2,96,1
88,2,96,17
88,2,96,19
88,2,96,20
88,3,96,1
88,3,96,2
88,3,96,12
88,15,96,12
88,19,96,2
88,20,96,2
88,20,96,12
89,1,74,8
89,1,74,15
89,8,74,16
89,19,74,1
89,19,74,15
89,19,74,16
89,20,74,11
89,20,74,15
89,20,74,16
89,8,88,7
89,8,88,10
89,8,88,16
89,9,88,7
89,9,88,10
89,9,88,19
89,9,88,20
89,11,88,10
89,11,88,19
89,15,88,7
89,15,88,11
89,15,88,19
89,19,88,8
89,19,88,9
89,20,88,8
89,4,97,10
89,10,97,3
89,10,97,5
89,12,97,3
89,12,97,5
89,12,97,19
89,13,97,5
89,13,97,10
89,14,97,2
89,14,97,3
89,14,97,5
90,3,75,14
90,4,75,12
90,4,75,14
90,5,75,12
90,5,75,13
90,5,75,14
90,6,75,4
90,10,75,3
90,10,75,4
90,10,75,13
90,19,75,12
90,5,76,10
90,6,76,9
90,6,76,11
90,6,76,16
90,7,76,9
90,7,76,11
90,7,76,13
90,7,76,14
90,8,76,11
90,8,76,13
90,10,76,10
90,10,76,12
90,18,76,6
90,18,76,9
90,18,76,13
90,1,98,11
90,1,98,19
90,9,98,1
90,9,98,20
90,11,98,20
90,15,98,1
90,15,98,19
90,15,98,20
90,16,98,10
90,16,98,11
90,16,98,19
90,16,98,20
91,1,77,19
91,10,77,1
91,17,77,20
91,19,77,1
91,19,77,19
91,19,77,20
91,20,77,8
91,20,77,19
91,20,77,20
91,1,78,9
91,1,78,10
91,1,78,16
91,2,78,9
91,2,78,13
91,2,78,14
91,11,78,6
91,11,78,9
91,11,78,13
91,17,78,10
91,17,78,16
91,19,78,10
91,19,78,11
91,20,78,10
91,20,78,11
91,20,78,12
91,5,99,20
91,6,99,17
91,6,99,20
91,7,99,5
91,7,99,19
91,7,99,20
91,8,99,17
91,8,99,19
91,8,99,20
91,9,99,5
91,3,100,10
91,3,100,12
91,3,100,14
91,4,100,14
91,5,100,10
91,5,100,12
91,5,100,13
91,5,100,14
91,6,100,3
91,6,100,4
91,6,100,13
91,7,100,4
91,8,100,3
91,8,100,4
91,14,100,12
92,8,79,14
92,9,79,12
92,9,79,14
92,13,79,12
92,15,79,13
92,19,79,12
92,19,79,13
92,19,79,14
92,20,79,4
92,20,79,13
92,1,80,8
92,1,80,11
92,1,80,12
92,2,80,1
92,2,80,2
92,2,80,12
92,12,80,1
92,12,80,12
92,12,80,16
92,15,80,8
92,15,80,11
92,19,80,11
92,20,80,9
92,20,80,11
92,4,101,8
92,4,101,9
92,4,101,13
92,5,101,7
92,5,101,8
92,5,101,9
92,5,101,16
92,6,101,8
92,8,101,13
92,16,101,13
92,4,102,19
92,5,102,11
92,5,102,19
92,6,102,19
92,6,102,20
92,7,102,1
92,7,102,20
92,10,102,1
93,1,81,11
93,1,81,19
93,4,81,10
93,4,81,11
93,4,81,19
93,10,81,2
93,10,81,20
93,17,81,20
93,19,81,19
93,19,81,20
93,20,81,10
93,20,81,11
93,20,81,19
93,20,81,20
93,1,82,1
93,1,82,2
93,2,82,1
93,2,82,20
93,4,82,2
93,4,82,3
93,4,82,4
93,12,82,2
93,12,82,15
93,12,82,20
93,19,82,3
93,20,82,3
93,20,82,4
93,6,103,9
93,7,103,7
93,7,103,8
93,7,103,13
93,8,103,6
93,8,103,8
93,9,103,7
93,9,103,9
93,9,103,16
93,16,103,13
93,3,104,10
93,3,104,14
93,5,104,10
93,5,104,12
93,5,104,13
93,5,104,14
93,6,104,3
93,6,104,4
93,6,104,13
93,7,104,4
93,9,104,3
93,9,104,4
93,14,104,12
94,4,83,4
94,9,83,14
94,10,83,10
94,10,83,12
94,10,83,14
94,13,83,12
94,17,83,13
94,19,83,10
94,19,83,12
94,19,83,13
94,19,83,14
94,20,83,4
94,20,83,13
94,1,84,1
94,1,84,2
94,2,84,1
94,2,84,20
94,4,84,2
94,4,84,3
94,4,84,4
94,12,84,2
94,12,84,15
94,12,84,20
94,19,84,3
94,20,84,3
94,20,84,4
94,5,105,7
94,6,105,7
94,6,105,8
94,7,105,6
94,7,105,7
94,7,105,18
94,8,105,6
94,8,105,7
94,8,105,8
94,3,106,10
94,3,106,14
94,5,106,10
94,5,106,12
94,5,106,13
94,5,106,14
94,6,106,3
94,6,106,4
94,6,106,13
94,7,106,4
94,8,106,3
94,8,106,4
94,14,106,12
95,1,85,19
95,10,85,1
95,15,85,20
95,19,85,1
95,19,85,19
95,19,85,20
95,20,85,8
95,20,85,19
95,20,85,20
95,1,86,1
95,1,86,2
95,2,86,2
95,2,86,19
95,2,86,20
95,3,86,2
95,3,86,20
95,12,86,2
95,12,86,15
95,12,86,20
95,15,86,1
95,19,86,1
95,19,86,3
95,20,86,1
95,20,86,3
95,20,86,4
95,5,107,8
95,6,107,7
95,6,107,8
95,7,107,8
95,7,107,9
95,7,107,13
95,8,107,5
95,8,107,6
95,8,107,9
95,9,107,13
95,16,107,13
95,4,108,1
95,4,108,20
95,5,108,1
95,5,108,19
95,5,108,20
95,6,108,8
95,6,108,19
95,6,108,20
95,7,108,19
96,1,87,11
96,1,87,19
96,10,87,2
96,10,87,20
96,17,87,20
96,19,87,19
96,19,87,20
96,20,87,10
96,20,87,11
96,20,87,19
96,20,87,20
96,1,88,2
96,1,88,3
96,2,88,3
96,2,88,19
96,2,88,20
96,12,88,3
96,12,88,15
96,12,88,20
96,17,88,2
96,19,88,2
96,20,88,1
96,20,88,2
96,5,109,8
96,6,109,7
96,6,109,8
96,7,109,9
96,7,109,10
96,7,109,13
96,8,109,5
96,8,109,6
96,8,109,9
96,8,109,10
96,9,109,6
96,9,109,10
96,16,109,13
96,3,110,10
96,3,110,12
96,3,110,14
96,4,110,14
96,5,110,10
96,5,110,12
96,5,110,13
96,5,110,14
96,6,110,4
96,6,110,13
96,14,110,12
97,2,89,14
97,3,89,10
97,3,89,12
97,3,89,14
97,5,89,10
97,5,89,12
97,5,89,13
97,5,89,14
97,10,89,4
97,10,89,13
97,19,89,12
97,1,111,9
97,1,111,10
97,1,111,13
97,2,111,13
97,4,111,7
97,4,111,8
97,4,111,9
97,4,111,10
97,4,111,16
97,11,111,10
97,13,111,13
97,15,111,8
97,15,111,10
97,16,111,7
97,16,111,8
97,16,111,10
98,1,90,9
98,1,90,15
98,10,90,16
98,11,90,1
98,11,90,16
98,19,90,1
98,19,90,15
98,19,90,16
98,20,90,9
98,20,90,11
98,20,90,15
98,20,90,16
98,2,99,6
98,2,99,10
98,3,99,6
98,3,99,9
98,3,99,10
98,4,99,9
98,4,99,10
98,13,99,11
98,4,112,9
98,4,112,10
98,8,112,3
98,8,112,5
98,12,112,3
98,12,112,5
98,12,112,19
98,13,112,5
98,13,112,10
98,14,112,2
98,14,112,3
98,14,112,5
99,5,91,7
99,5,91,9
99,17,91,6
99,17,91,8
99,19,91,7
99,19,91,8
99,20,91,5
99,20,91,6
99,20,91,7
99,20,91,8
99,6,98,2
99,6,98,3
99,9,98,3
99,9,98,4
99,10,98,2
99,10,98,3
99,10,98,4
99,11,98,13
99,2,100,2
99,14,100,3
99,14,100,5
99,17,100,3
99,17,100,4
99,18,100,2
99,18,100,3
99,19,100,4
99,20,100,4
99,20,100,13
99,1,112,18
99,8,112,6
99,9,112,9
99,9,112,10
99,11,112,5
99,11,112,6
99,11,112,9
99,11,112,10
99,12,112,6
99,12,112,9
99,12,112,18
99,16,112,18
100,3,91,6
100,3,91,8
100,4,91,6
100,4,91,7
100,4,91,8
100,10,91,3
100,10,91,5
100,12,91,3
100,12,91,5
100,12,91,14
100,13,91,5
100,13,91,6
100,14,91,3
100,14,91,4
100,14,91,5
100,2,99,2
100,2,99,18
100,3,99,14
100,3,99,17
100,3,99,18
100,4,99,17
100,4,99,19
100,4,99,20
100,5,99,14
100,13,99,20
100,8,101,3
100,8,101,4
100,9,101,3
100,9,101,4
100,9,101,5
100,9,101,6
100,11,101,4
100,11,101,5
100,16,101,3
100,16,101,5
100,16,101,12
100,19,101,2
100,1,113,10
100,1,113,19
100,8,113,4
100,8,113,20
100,19,113,1
100,19,113,4
100,19,113,19
100,19,113,20
100,20,113,17
100,20,113,19
100,20,113,20
101,7,92,5
101,8,92,4
101,8,92,5
101,8,92,6
101,9,92,4
101,9,92,5
101,13,92,4
101,13,92,8
101,13,92,16
101,16,92,5
101,2,100,19
101,3,100,8
101,3,100,9
101,3,100,16
101,4,100,8
101,4,100,9
101,4,100,11
101,5,100,9
101,5,100,11
101,5,100,16
101,6,100,9
101,12,100,16
101,7,102,10
101,7,102,11
101,7,102,15
101,8,102,19
101,8,102,20
101,9,102,19
101,10,102,9
101,10,102,10
101,10,102,11
101,11,102,15
101,16,102,11
101,19,102,9
101,19,102,10
101,19,102,15
101,20,102,10
101,1,113,1
101,1,113,2
101,2,113,1
101,2,113,4
101,2,113,12
101,3,113,4
101,3,113,20
101,15,113,12
101,20,113,2
101,20,113,12
102,1,92,7
102,1,92,10
102,11,92,5
102,19,92,4
102,19,92,5
102,19,92,6
102,20,92,6
102,20,92,7
102,9,101,10
102,9,101,19
102,10,101,7
102,10,101,10
102,10,101,19
102,10,101,20
102,11,101,7
102,11,101,10
102,11,101,16
102,15,101,7
102,15,101,11
102,15,101,19
102,19,101,8
102,19,101,9
102,20,101,8
102,2,103,4
102,2,103,5
102,3,103,3
102,3,103,4
102,4,103,2
102,4,103,3
102,3,114,20
102,4,114,1
102,4,114,20
102,8,114,10
102,8,114,19
102,12,114,13
102,12,114,19
102,13,114,10
102,13,114,19
102,14,114,17
102,14,114,19
102,14,114,20
103,6,93,8
103,7,93,7
103,7,93,9
103,8,93,7
103,8,93,8
103,9,93,6
103,9,93,9
103,13,93,7
103,13,93,16
103,16,93,9
103,2,102,4
103,3,102,3
103,3,102,4
103,4,102,2
103,4,102,3
103,5,102,2
103,7,104,4
103,9,104,3
103,9,104,4
103,10,104,1
103,10,104,2
103,10,104,3
103,16,104,3
103,1,114,1
103,1,114,2
103,1,114,8
103,1,114,9
103,2,114,1
103,2,114,2
103,2,114,12
103,3,114,20
103,15,114,12
103,19,114,2
103,20,114,2
103,20,114,12
104,3,93,6
104,3,93,9
104,4,93,6
104,4,93,7
104,4,93,9
104,10,93,3
104,10,93,5
104,12,93,5
104,12,93,14
104,13,93,5
104,13,93,6
104,14,93,3
104,14,93,5
104,1,103,10
104,2,103,10
104,3,103,9
104,3,103,10
104,3,103,16
104,4,103,7
104,4,103,9
104,7,105,12
104,8,105,3
104,8,105,4
104,8,105,12
104,9,105,3
104,9,105,4
104,9,105,5
104,9,105,10
104,11,105,4
104,11,105,5
104,16,105,3
104,16,105,5
104,16,105,19
104,19,105,1
104,19,105,2
104,20,105,2
104,8,115,20
104,19,115,1
104,19,115,19
104,19,115,20
104,20,115,15
104,20,115,19
104,20,115,20
105,6,94,7
105,6,94,8
105,7,94,5
105,7,94,6
105,7,94,7
105,7,94,8
105,8,94,6
105,8,94,8
105,18,94,7
105,1,104,19
105,2,104,19
105,2,104,20
105,3,104,8
105,3,104,9
105,3,104,16
105,4,104,8
105,4,104,9
105,4,104,11
105,5,104,9
105,5,104,11
105,5,104,16
105,10,104,9
105,12,104,7
105,12,104,8
105,19,104,16
105,6,106,4
105,7,106,4
105,7,106,13
105,8,106,3
105,8,106,4
105,9,106,1
105,9,106,2
105,9,106,3
105,18,106,4
105,1,115,1
105,1,115,2
105,1,115,3
105,1,115,12
105,2,115,1
105,2,115,15
105,2,115,19
105,2,115,20
105,3,115,20
105,13,115,12
105,15,115,2
105,15,115,3
105,15,115,12
105,16,115,2
106,3,94,6
106,3,94,8
106,4,94,6
106,4,94,7
106,4,94,8
106,10,94,3
106,10,94,5
106,12,94,5
106,12,94,14
106,13,94,5
106,13,94,6
106,14,94,3
106,14,94,5
106,1,105,9
106,2,105,9
106,3,105,8
106,3,105,9
106,4,105,6
106,4,105,7
106,4,105,8
106,4,105,18
106,13,105,7
106,8,107,1
106,8,107,4
106,9,107,1
106,9,107,4
106,9,107,5
106,9,107,6
106,11,107,4
106,11,107,5
106,16,107,1
106,16,107,5
106,16,107,12
106,19,107,2
106,19,107,3
106,20,107,2
106,8,116,20
106,19,116,1
106,19,116,19
106,19,116,20
106,20,116,17
106,20,116,19
106,20,116,20
107,5,95,8
107,6,95,8
107,7,95,6
107,8,95,5
107,8,95,6
107,8,95,7
107,9,95,7
107,9,95,8
107,13,95,7
107,13,95,9
107,13,95,16
107,1,106,8
107,1,106,9
107,1,106,16
107,2,106,19
107,2,106,20
107,3,106,19
107,4,106,8
107,4,106,9
107,4,106,11
107,5,106,9
107,5,106,11
107,5,106,16
107,6,106,9
107,12,106,16
107,7,108,8
107,7,108,9
107,7,108,15
107,8,108,19
107,8,108,20
107,9,108,19
107,10,108,8
107,10,108,9
107,10,108,10
107,10,108,11
107,11,108,15
107,16,108,8
107,19,108,9
107,19,108,15
107,20,108,9
107,1,116,20
107,2,116,1
107,2,116,17
107,2,116,19
107,2,116,20
107,3,116,1
107,3,116,2
107,3,116,12
107,15,116,12
107,19,116,2
107,20,116,2
107,20,116,12
108,1,95,4
108,1,95,5
108,8,95,6
108,19,95,5
108,19,95,6
108,19,95,7
108,20,95,4
108,20,95,5
108,20,95,6
108,8,107,7
108,8,107,10
108,8,107,16
108,9,107,7
108,9,107,10
108,9,107,19
108,9,107,20
108,10,107,10
108,11,107,10
108,15,107,7
108,15,107,11
108,15,107,19
108,19,107,8
108,19,107,9
108,20,107,8
108,2,109,4
108,2,109,5
108,3,109,3
108,3,109,4
108,4,109,1
108,4,109,2
108,4,109,3
108,4,109,4
108,13,109,1
108,13,109,3
108,3,117,4
108,3,117,16
108,4,117,2
108,4,117,4
108,4,117,16
108,12,117,8
108,12,117,15
108,12,117,20
108,13,117,13
108,13,117,15
108,13,117,16
108,14,117,8
108,14,117,9
108,14,117,15
109,5,96,8
109,6,96,8
109,6,96,9
109,7,96,6
109,8,96,5
109,8,96,6
109,9,96,7
109,9,96,8
109,10,96,7
109,10,96,8
109,10,96,9
109,13,96,7
109,13,96,16
109,1,108,4
109,1,108,13
109,2,108,4
109,3,108,3
109,3,108,4
109,3,108,13
109,4,108,2
109,4,108,3
109,4,108,4
109,5,108,2
109,7,110,2
109,7,110,3
109,7,110,4
109,8,110,4
109,8,110,13
109,16,110,4
109,19,110,2
109,19,110,3
109,20,110,3
109,1,117,2
109,1,117,4
109,1,117,13
109,1,117,15
109,1,117,16
109,2,117,2
109,2,117,4
109,3,117,4
109,3,117,15
109,3,117,16
109,4,117,4
109,4,117,16
110,4,96,6
110,10,96,3
110,10,96,5
110,12,96,3
110,12,96,5
110,12,96,14
110,13,96,5
110,13,96,6
110,14,96,3
110,14,96,4
110,14,96,5
110,2,109,7
110,2,109,19
110,3,109,7
110,3,109,19
110,3,109,20
110,4,109,7
110,4,109,8
110,4,109,16
110,13,109,8
110,8,111,3
110,8,111,4
110,9,111,4
110,9,111,5
110,9,111,6
110,11,111,4
110,11,111,5
110,16,111,4
110,16,111,5
110,16,111,12
110,19,111,1
110,19,111,2
110,19,111,3
110,20,111,1
110,20,111,3
111,7,97,4
111,7,97,16
111,8,97,4
111,8,97,15
111,8,97,16
111,9,97,1
111,9,97,4
111,10,97,1
111,10,97,4
111,10,97,11
111,10,97,15
111,10,97,16
111,13,97,1
111,13,97,2
111,13,97,13
111,16,97,4
111,1,110,19
111,1,110,20
111,2,110,19
111,3,110,8
111,3,110,19
111,3,110,20
111,4,110,8
111,4,110,9
111,4,110,11
111,4,110,16
111,5,110,9
111,5,110,11
111,5,110,16
111,6,110,9
111,12,110,16
112,2,98,14
112,3,98,8
112,3,98,12
112,3,98,14
112,5,98,8
112,5,98,12
112,5,98,13
112,5,98,14
112,9,98,4
112,10,98,4
112,10,98,13
112,19,98,12
112,5,99,11
112,6,99,8
112,6,99,11
112,6,99,12
112,9,99,9
112,9,99,11
112,9,99,12
112,10,99,9
112,10,99,11
112,18,99,1
112,18,99,12
112,18,99,16
112,1,118,11
112,1,118,19
112,4,118,10
112,4,118,11
112,4,118,19
112,8,118,1
112,11,118,20
112,15,118,1
112,15,118,19
112,15,118,20
112,16,118,10
112,16,118,11
112,16,118,19
112,16,118,20
113,1,100,19
113,4,100,8
113,4,100,19
113,10,100,1
113,17,100,20
113,19,100,1
113,19,100,19
113,19,100,20
113,20,100,8
113,20,100,19
113,20,100,20
113,1,101,1
113,1,101,2
113,2,101,1
113,2,101,20
113,4,101,2
113,4,101,3
113,12,101,2
113,12,101,15
113,12,101,20
113,20,101,3
113,5,119,8
113,5,119,10
113,6,119,7
113,6,119,8
113,6,119,10
113,7,119,9
113,7,119,10
113,7,119,13
113,8,119,7
113,8,119,8
113,8,119,9
113,8,119,10
113,8,119,16
113,9,119,13
113,16,119,13
113,3,120,8
113,3,120,12
113,5,120,8
113,5,120,10
113,5,120,11
113,5,120,12
113,6,120,3
113,6,120,4
113,6,120,11
113,7,120,4
113,8,120,3
113,8,120,4
113,14,120,10
114,1,102,4
114,10,102,8
114,10,102,13
114,13,102,12
114,17,102,14
114,19,102,8
114,19,102,12
114,19,102,13
114,19,102,14
114,20,102,3
114,20,102,4
114,20,102,14
114,1,103,1
114,1,103,2
114,2,103,1
114,2,103,2
114,2,103,19
114,2,103,20
114,8,103,1
114,9,103,1
114,12,103,2
114,12,103,15
114,12,103,20
114,20,103,3
114,3,121,8
114,3,121,9
114,3,121,13
114,4,121,6
114,4,121,9
114,5,121,7
114,5,121,8
114,5,121,9
114,5,121,16
114,6,121,8
114,16,121,13
114,3,122,4
114,5,122,3
114,5,122,4
114,6,122,12
114,6,122,13
114,6,122,14
114,7,122,10
114,7,122,11
114,7,122,13
114,7,122,14
114,8,122,12
114,8,122,14
114,9,122,14
114,14,122,12
115,1,104,19
115,15,104,20
115,19,104,19
115,19,104,20
115,20,104,8
115,20,104,19
115,20,104,20
115,1,105,1
115,1,105,2
115,2,105,1
115,2,105,15
115,2,105,16
115,3,105,1
115,3,105,15
115,12,105,1
115,12,105,13
115,12,105,15
115,15,105,2
115,19,105,2
115,20,105,2
115,20,105,3
115,5,123,8
115,6,123,7
115,6,123,8
115,7,123,8
115,7,123,9
115,7,123,13
115,8,123,5
115,8,123,6
115,8,123,9
115,9,123,13
115,16,123,13
115,4,124,1
115,4,124,20
115,5,124,1
115,5,124,19
115,5,124,20
115,6,124,8
115,6,124,19
115,6,124,20
115,7,124,19
116,1,106,19
116,17,106,20
116,19,106,19
116,19,106,20
116,20,106,8
116,20,106,19
116,20,106,20
116,1,107,2
116,1,107,3
116,2,107,3
116,2,107,19
116,2,107,20
116,12,107,3
116,12,107,15
116,12,107,20
116,17,107,2
116,19,107,2
116,20,107,1
116,20,107,2
116,5,125,9
116,6,125,9
116,6,125,10
116,7,125,5
116,7,125,6
116,7,125,11
116,8,125,5
116,8,125,6
116,8,125,7
116,9,125,6
116,9,125,7
116,10,125,6
116,3,126,12
116,3,126,14
116,4,126,14
116,5,126,12
116,5,126,13
116,5,126,14
116,6,126,4
116,6,126,13
116,14,126,12
117,2,108,4
117,4,108,3
117,4,108,4
117,8,108,12
117,8,108,14
117,9,108,14
117,13,108,13
117,15,108,12
117,15,108,13
117,15,108,14
117,16,108,3
117,16,108,4
117,16,108,13
117,20,108,12
117,2,109,1
117,2,109,2
117,4,109,1
117,4,109,2
117,4,109,3
117,4,109,4
117,13,109,1
117,15,109,1
117,15,109,3
117,16,109,1
117,16,109,3
117,16,109,4
117,6,127,7
117,6,127,8
117,6,127,13
117,7,127,5
117,7,127,6
117,7,127,7
117,7,127,8
117,8,127,8
117,9,127,8
117,9,127,13
117,10,127,9
117,14,127,13
117,19,127,6
117,19,127,7
117,19,127,17
118,1,112,8
118,1,112,15
118,10,112,4
118,10,112,16
118,11,112,1
118,11,112,4
118,11,112,16
118,19,112,1
118,19,112,4
118,19,112,15
118,19,112,16
118,20,112,11
118,20,112,15
118,20,112,16
118,2,119,4
118,2,119,5
118,3,119,1
118,3,119,4
118,3,119,5
118,3,119,6
118,4,119,1
118,4,119,4
118,14,119,2
118,4,128,10
118,8,128,4
118,8,128,5
118,12,128,4
118,12,128,5
118,12,128,19
118,13,128,3
118,13,128,4
118,13,128,5
118,14,128,5
118,14,128,10
119,7,113,6
119,7,113,8
119,8,113,5
119,8,113,6
119,8,113,8
119,9,113,7
119,9,113,8
119,10,113,5
119,10,113,6
119,10,113,7
119,10,113,8
119,13,113,7
119,13,113,9
119,13,113,16
119,16,113,8
119,1,118,3
119,1,118,4
119,2,118,14
119,4,118,2
119,4,118,3
119,4,118,4
119,5,118,2
119,5,118,3
119,6,118,3
119,7,120,3
119,7,120,4
119,8,120,3
119,8,120,4
119,8,120,11
119,9,120,4
119,10,120,4
119,10,120,11
119,16,120,3
119,1,128,10
119,2,128,5
119,2,128,6
119,2,128,10
119,3,128,6
119,3,128,7
119,3,128,8
119,3,128,18
119,15,128,18
119,19,128,7
119,20,128,7
119,20,128,8
119,20,128,18
120,3,113,6
120,3,113,8
120,4,113,6
120,4,113,7
120,4,113,8
120,8,113,3
120,8,113,5
120,10,113,5
120,10,113,14
120,11,113,5
120,11,113,6
120,12,113,3
120,12,113,5
120,3,119,7
120,3,119,8
120,3,119,16
120,4,119,7
120,4,119,8
120,4,119,9
120,4,119,10
120,11,119,8
120,11,119,10
120,9,121,4
120,9,121,5
120,14,121,1
120,14,121,5
120,14,121,12
120,17,121,1
120,17,121,4
120,18,121,1
120,18,121,4
120,18,121,5
120,18,121,6
120,19,121,2
120,19,121,3
120,20,121,2
120,2,129,10
120,17,129,4
120,17,129,20
120,19,129,1
120,19,129,4
120,19,129,19
120,19,129,20
120,20,129,10
120,20,129,15
120,20,129,19
120,20,129,20
121,6,114,4
121,7,114,5
121,8,114,3
121,8,114,5
121,8,114,6
121,9,114,3
121,9,114,4
121,9,114,5
121,13,114,3
121,13,114,16
121,16,114,5
121,1,120,14
121,1,120,17
121,1,120,18
121,2,120,19
121,2,120,20
121,3,120,19
121,4,120,9
121,4,120,17
121,4,120,18
121,5,120,9
121,5,120,14
121,5,120,18
121,6,120,18
121,12,120,14
121,7,122,3
121,7,122,4
121,8,122,4
121,8,122,13
121,9,122,4
121,10,122,1
121,10,122,2
121,10,122,3
121,16,122,3
121,1,129,4
121,1,129,20
121,2,129,1
121,2,129,4
121,2,129,15
121,2,129,19
121,2,129,20
121,3,129,1
121,3,129,2
121,3,129,4
121,3,129,12
121,15,129,12
121,20,129,2
121,20,129,12
122,3,114,5
122,4,114,3
122,4,114,5
122,10,114,7
122,11,114,7
122,12,114,6
122,12,114,8
122,12,114,14
122,13,114,6
122,13,114,7
122,14,114,6
122,14,114,7
122,14,114,8
122,14,114,9
122,1,121,10
122,2,121,10
122,3,121,7
122,3,121,10
122,3,121,16
122,4,121,7
122,4,121,8
122,4,121,9
122,13,121,8
122,8,123,1
122,8,123,4
122,9,123,1
122,9,123,4
122,9,123,5
122,9,123,6
122,10,123,4
122,11,123,4
122,16,123,1
122,16,123,5
122,16,123,12
122,19,123,2
122,19,123,3
122,20,123,2
122,8,130,8
122,8,130,20
122,19,130,1
122,19,130,8
122,19,130,19
122,19,130,20
122,20,130,17
122,20,130,19
122,20,130,20
123,5,115,8
123,6,115,8
123,7,115,6
123,8,115,5
123,8,115,6
123,8,115,7
123,9,115,7
123,9,115,8
123,13,115,7
123,13,115,9
123,13,115,16
123,1,122,8
123,1,122,9
123,1,122,16
123,2,122,19
123,2,122,20
123,3,122,19
123,4,122,8
123,4,122,9
123,4,122,10
123,4,122,11
123,5,122,9
123,5,122,16
123,6,122,9
123,12,122,16
123,7,124,8
123,7,124,9
123,7,124,15
123,8,124,19
123,8,124,20
123,9,124,19
123,10,124,8
123,10,124,9
123,10,124,10
123,10,124,11
123,11,124,15
123,16,124,8
123,19,124,9
123,19,124,15
123,20,124,9
123,1,130,8
123,1,130,20
123,2,130,1
123,2,130,8
123,2,130,17
123,2,130,19
123,2,130,20
123,3,130,1
123,3,130,8
123,3,130,12
123,15,130,12
123,20,130,12
124,1,115,4
124,1,115,5
124,8,115,6
124,19,115,5
124,19,115,6
124,19,115,7
124,20,115,4
124,20,115,5
124,20,115,6
124,8,123,7
124,8,123,10
124,8,123,16
124,9,123,7
124,9,123,10
124,9,123,19
124,9,123,20
124,10,123,10
124,11,123,10
124,15,123,7
124,15,123,11
124,15,123,19
124,19,123,8
124,19,123,9
124,20,123,8
124,2,125,4
124,2,125,8
124,3,125,1
124,3,125,4
124,3,125,8
124,4,125,1
124,4,125,2
124,4,125,3
124,13,125,2
124,3,131,20
124,4,131,1
124,4,131,20
124,12,131,10
124,12,131,13
124,12,131,19
124,13,131,17
124,13,131,19
124,13,131,20
124,14,131,9
124,14,131,10
124,14,131,19
125,5,116,7
125,5,116,8
125,6,116,7
125,6,116,8
125,6,116,9
125,6,116,10
125,7,116,8
125,7,116,9
125,9,116,5
125,9,116,6
125,10,116,6
125,11,116,7
125,1,124,3
125,1,124,4
125,2,124,4
125,2,124,13
125,3,124,4
125,4,124,2
125,4,124,3
125,8,124,2
125,8,124,3
125,9,126,4
125,9,126,13
125,10,126,2
125,10,126,3
125,10,126,4
125,16,126,4
125,19,126,2
125,19,126,3
125,20,126,3
125,1,131,20
125,2,131,1
125,2,131,17
125,2,131,19
125,2,131,20
125,3,131,1
125,3,131,2
125,3,131,3
125,3,131,12
125,15,131,12
125,19,131,2
125,20,131,2
125,20,131,3
125,20,131,12
126,4,116,6
126,12,116,3
126,12,116,5
126,12,116,14
126,13,116,5
126,13,116,6
126,14,116,3
126,14,116,4
126,14,116,5
126,2,125,10
126,2,125,19
126,3,125,10
126,3,125,19
126,3,125,20
126,4,125,9
126,4,125,10
126,4,125,16
126,13,125,9
126,8,127,4
126,9,127,4
126,10,127,1
126,10,127,4
126,11,127,1
126,11,127,2
126,11,127,3
126,16,127,1
126,16,127,5
126,16,127,12
126,19,127,2
126,19,127,3
126,20,127,2
127,5,117,7
127,6,117,7
127,6,117,19
127,7,117,6
127,7,117,7
127,7,117,19
127,8,117,6
127,8,117,7
127,8,117,8
127,8,117,9
127,9,117,10
127,13,117,6
127,13,117,9
127,13,117,14
127,17,117,19
127,1,126,10
127,1,126,11
127,1,126,16
127,2,126,11
127,2,126,19
127,2,126,20
127,3,126,11
127,3,126,19
127,4,126,8
127,4,126,9
127,4,126,10
127,5,126,16
127,12,126,16
128,3,118,13
128,4,118,8
128,4,118,12
128,4,118,13
128,5,118,8
128,5,118,12
128,5,118,13
128,5,118,14
128,10,118,4
128,10,118,14
128,19,118,12
128,5,119,2
128,6,119,2
128,6,119,3
128,7,119,3
128,7,119,19
128,7,119,20
128,8,119,3
128,8,119,20
128,10,119,1
128,10,119,2
128,18,119,3
128,18,119,15
128,18,119,20
128,9,132,8
128,9,132,14
128,11,132,13
128,15,132,8
128,15,132,12
128,15,132,13
128,15,132,14
128,16,132,4
128,16,132,13
128,20,132,12
129,1,120,19
129,4,120,17
129,4,120,19
129,10,120,2
129,10,120,20
129,15,120,20
129,19,120,19
129,19,120,20
129,20,120,17
129,20,120,19
129,20,120,20
129,1,121,2
129,1,121,3
129,2,121,3
129,2,121,20
129,4,121,1
129,4,121,2
129,4,121,3
129,12,121,3
129,12,121,15
129,12,121,20
129,15,121,2
129,19,121,2
129,20,121,1
129,20,121,2
129,5,133,8
129,6,133,7
129,6,133,8
129,7,133,8
129,7,133,9
129,7,133,13
129,8,133,5
129,8,133,6
129,8,133,9
129,9,133,6
129,9,133,9
129,16,133,13
129,3,134,2
129,3,134,20
129,5,134,19
129,5,134,20
129,6,134,10
129,6,134,11
129,6,134,19
129,6,134,20
129,7,134,11
129,7,134,19
130,1,122,19
130,8,122,8
130,8,122,19
130,17,122,20
130,19,122,19
130,19,122,20
130,20,122,8
130,20,122,19
130,20,122,20
130,1,123,2
130,1,123,3
130,8,123,1
130,8,123,2
130,8,123,3
130,12,123,3
130,12,123,15
130,12,123,20
130,17,123,2
130,19,123,2
130,20,123,1
130,20,123,2
130,3,135,8
130,4,135,9
130,4,135,10
130,4,135,13
130,5,135,5
130,5,135,6
130,5,135,9
130,5,135,10
130,9,135,10
130,9,135,13
130,10,135,10
130,16,135,13
130,2,136,14
130,3,136,12
130,3,136,13
130,3,136,14
130,4,136,4
130,6,136,10
130,6,136,13
130,6,136,14
130,7,136,10
130,7,136,12
130,7,136,14
130,14,136,12
131,1,124,4
131,9,124,14
131,10,124,12
131,10,124,14
131,13,124,12
131,17,124,13
131,19,124,12
131,19,124,13
131,19,124,14
131,20,124,3
131,20,124,4
131,20,124,13
131,1,125,2
131,1,125,3
131,2,125,3
131,2,125,19
131,2,125,20
131,3,125,3
131,3,125,20
131,12,125,3
131,12,125,15
131,12,125,20
131,17,125,2
131,19,125,2
131,20,125,1
131,20,125,2
131,5,137,8
131,5,137,10
131,6,137,7
131,6,137,8
131,6,137,10
131,7,137,9
131,7,137,10
131,7,137,13
131,8,137,5
131,8,137,6
131,8,137,9
131,9,137,13
131,16,137,13
132,4,128,16
132,8,128,9
132,8,128,15
132,12,128,15
132,12,128,20
132,13,128,11
132,13,128,15
132,13,128,16
132,14,128,9
132,14,128,15
132,9,133,4
132,9,133,5
132,10,133,3
132,10,133,4
132,11,133,2
132,11,133,3
132,11,133,4
132,16,133,4
132,16,133,5
132,16,133,12
132,19,133,2
132,19,133,3
132,20,133,3
132,1,138,9
132,2,138,9
132,10,138,7
132,11,138,4
132,11,138,7
132,19,138,4
132,19,138,7
132,19,138,8
132,20,138,8
132,20,138,9
132,20,138,19
133,5,129,8
133,6,129,8
133,6,129,9
133,7,129,6
133,8,129,5
133,8,129,6
133,8,129,7
133,9,129,7
133,9,129,8
133,9,129,9
133,13,129,7
133,13,129,16
133,2,132,11
133,2,132,19
133,3,132,10
133,3,132,11
133,3,132,19
133,3,132,20
133,4,132,9
133,4,132,10
133,4,132,11
133,4,132,16
133,5,132,9
133,5,132,16
133,12,132,16
133,7,134,10
133,7,134,11
133,7,134,15
133,8,134,11
133,8,134,19
133,8,134,20
133,9,134,11
133,9,134,19
133,10,134,8
133,10,134,9
133,10,134,10
133,11,134,15
133,16,134,10
133,19,134,15
133,1,138,4
133,1,138,5
133,1,138,6
133,2,138,4
133,2,138,7
133,2,138,14
133,3,138,7
133,3,138,8
133,4,138,7
133,15,138,14
133,20,138,14
134,2,129,3
134,10,129,6
134,11,129,6
134,11,129,7
134,19,129,5
134,19,129,6
134,19,129,7
134,20,129,3
134,20,129,5
134,20,129,6
134,8,133,10
134,9,133,10
134,10,133,7
134,10,133,10
134,10,133,16
134,11,133,7
134,11,133,8
134,11,133,9
134,15,133,7
134,15,133,11
134,15,133,19
134,19,133,8
134,19,133,9
134,20,133,8
134,3,135,4
134,3,135,5
134,3,135,6
134,4,135,3
134,4,135,4
134,13,135,1
134,13,135,3
134,4,139,4
134,4,139,20
134,12,139,10
134,12,139,13
134,12,139,19
134,13,139,17
134,13,139,19
134,13,139,20
134,14,139,9
134,14,139,10
134,14,139,19
135,5,130,5
135,6,130,5
135,8,130,3
135,9,130,4
135,9,130,5
135,10,130,4
135,10,130,5
135,10,130,9
135,10,130,10
135,13,130,4
135,13,130,9
135,13,130,16
135,1,134,13
135,3,134,4
135,3,134,13
135,4,134,3
135,4,134,4
135,5,134,3
135,6,134,3
135,7,136,2
135,7,136,3
135,7,136,4
135,8,136,3
135,8,136,4
135,8,136,13
135,9,136,4
135,16,136,3
135,19,136,2
135,1,139,1
135,1,139,4
135,1,139,17
135,1,139,19
135,1,139,20
135,2,139,1
135,2,139,2
135,2,139,4
135,2,139,12
135,3,139,4
135,3,139,19
135,3,139,20
135,4,139,4
135,4,139,20
135,15,139,12
135,20,139,2
135,20,139,12
136,4,130,4
136,10,130,6
136,10,130,7
136,12,130,3
136,12,130,7
136,12,130,14
136,13,130,3
136,13,130,6
136,14,130,2
136,14,130,3
136,14,130,6
136,14,130,7
136,2,135,7
136,2,135,19
136,3,135,7
136,3,135,8
136,3,135,16
136,4,135,7
136,4,135,8
136,4,135,9
136,13,135,8
136,8,137,3
136,8,137,4
136,9,137,4
136,9,137,5
136,9,137,6
136,11,137,4
136,11,137,5
136,16,137,4
136,16,137,5
136,16,137,12
136,19,137,2
136,19,137,3
136,20,137,3
137,5,131,8
137,6,131,8
137,7,131,6
137,8,131,5
137,8,131,6
137,9,131,7
137,9,131,8
137,10,131,5
137,10,131,6
137,10,131,7
137,13,131,7
137,13,131,9
137,13,131,16
137,2,136,19
137,3,136,8
137,3,136,19
137,3,136,20
137,4,136,8
137,4,136,9
137,4,136,11
137,4,136,16
137,5,136,9
137,5,136,11
137,5,136,16
137,6,136,9
137,12,136,16
138,4,132,11
138,4,132,19
138,7,132,10
138,7,132,11
138,7,132,19
138,8,132,19
138,8,132,20
138,9,132,1
138,9,132,2
138,9,132,20
138,19,132,20
138,4,133,1
138,4,133,2
138,5,133,1
138,6,133,1
138,7,133,2
138,7,133,3
138,7,133,4
138,8,133,3
138,14,133,2
138,14,133,15
138,14,133,20
138,5,140,14
138,6,140,10
138,6,140,12
138,6,140,14
138,11,140,10
138,11,140,12
138,11,140,13
138,11,140,14
138,12,140,4
138,12,140,13
138,16,140,12
139,4,134,4
139,9,134,14
139,10,134,12
139,10,134,14
139,13,134,12
139,17,134,13
139,19,134,12
139,19,134,13
139,19,134,14
139,20,134,4
139,20,134,13
139,1,135,1
139,1,135,2
139,2,135,2
139,2,135,20
139,4,135,1
139,4,135,2
139,4,135,3
139,4,135,4
139,12,135,2
139,12,135,15
139,12,135,20
139,17,135,1
139,19,135,1
139,19,135,3
139,20,135,1
139,20,135,3
139,20,135,4
139,5,141,8
139,5,141,10
139,6,141,7
139,6,141,8
139,6,141,10
139,7,141,9
139,7,141,10
139,7,141,13
139,8,141,7
139,8,141,8
139,8,141,9
139,8,141,10
139,8,141,16
139,9,141,13
139,16,141,13
140,4,138,12
140,10,138,6
140,10,138,11
140,12,138,6
140,12,138,11
140,12,138,16
140,13,138,11
140,13,138,12
140,14,138,5
140,14,138,6
140,14,138,11
140,8,141,3
140,8,141,4
140,9,141,4
140,9,141,5
140,9,141,6
140,11,141,4
140,11,141,5
140,16,141,4
140,16,141,5
140,16,141,12
140,19,141,1
140,19,141,2
140,19,141,3
140,20,141,1
140,20,141,3
141,7,139,6
141,7,139,8
141,8,139,5
141,8,139,6
141,8,139,8
141,9,139,7
141,9,139,8
141,10,139,5
141,10,139,6
141,10,139,7
141,10,139,8
141,13,139,7
141,13,139,9
141,13,139,16
141,16,139,8
141,1,140,19
141,1,140,20
141,2,140,19
141,3,140,8
141,3,140,19
141,3,140,20
141,4,140,8
141,4,140,9
141,4,140,11
141,4,140,16
141,5,140,9
141,5,140,11
141,5,140,16
141,6,140,9
141,12,140,16
